ปีที่โอนเป็นทุน_พศ,ปีที่โอนเป็นทุน_คศ,เดือนที่โอนเป็นทุน,ปีเดือนที่โอนเป็นทุน,รหัสหมวดสินทรัพย์,ชื่อหมวดสินทรัพย์,จำนวนรายการย่อย,จำนวนรหัสสินทรัพย์,มูลค่าการได้มา,ค่าเสื่อมราคาสะสม,มูลค่าตามบัญชี,วันที่ยอดข้อมูล,รหัสเอกสาร,ไฟล์ต้นทาง
2542,1999,09,2542-09,12060100,ครุภัณฑ์สนง.,2,2,72000.0,-71998.0,2.0,2567-09-30,DOC-AST-2567,2. สินทรัพย์คงเหลือ2567_1.pdf
2558,2015,02,2558-02,12060400,ครุภัณฑ์โฆษณา,170,170,2089300.0,-2089130.0,170.0,2567-09-30,DOC-AST-2567,2. สินทรัพย์คงเหลือ2567_1.pdf
2563,2020,05,2563-05,12060100,ครุภัณฑ์สนง.,17,14,1015678.3,-1015661.3,17.0,2567-09-30,DOC-AST-2567,2. สินทรัพย์คงเหลือ2567_1.pdf
2563,2020,05,2563-05,12060200,ครุภัณฑ์ยานพาหนะ,6,4,4273000.0,-4272994.0,6.0,2567-09-30,DOC-AST-2567,2. สินทรัพย์คงเหลือ2567_1.pdf
2563,2020,05,2563-05,12060300,ครุภัณฑ์ไฟฟ้า,10,5,62734.1,-52708.94,10025.16,2567-09-30,DOC-AST-2567,2. สินทรัพย์คงเหลือ2567_1.pdf
2563,2020,05,2563-05,12060400,ครุภัณฑ์โฆษณา,326,163,1613623.33,-1147759.44,465863.89,2567-09-30,DOC-AST-2567,2. สินทรัพย์คงเหลือ2567_1.pdf
2563,2020,05,2563-05,12061000,ครุภัณฑ์คอมพิวเตอร์,26,26,1523875.08,-1523849.08,26.0,2567-09-30,DOC-AST-2567,2. สินทรัพย์คงเหลือ2567_1.pdf
2563,2020,05,2563-05,12061200,ครุภัณฑ์งานบ้าน,9,7,62404.6,-62395.6,9.0,2567-09-30,DOC-AST-2567,2. สินทรัพย์คงเหลือ2567_1.pdf
2563,2020,06,2563-06,12060100,ครุภัณฑ์สนง.,2060,1320,19033322.12,-18908023.25,125298.87,2567-09-30,DOC-AST-2567,2. สินทรัพย์คงเหลือ2567_1.pdf
2563,2020,06,2563-06,12060200,ครุภัณฑ์ยานพาหนะ,26,14,12253500.0,-12253474.0,26.0,2567-09-30,DOC-AST-2567,2. สินทรัพย์คงเหลือ2567_1.pdf
2563,2020,06,2563-06,12060300,ครุภัณฑ์ไฟฟ้า,414,207,3672344.44,-3643320.6,29023.84,2567-09-30,DOC-AST-2567,2. สินทรัพย์คงเหลือ2567_1.pdf
2563,2020,06,2563-06,12060400,ครุภัณฑ์โฆษณา,62,35,1691657.46,-1691595.46,62.0,2567-09-30,DOC-AST-2567,2. สินทรัพย์คงเหลือ2567_1.pdf
2563,2020,06,2563-06,12060500,ครุภัณฑ์การเกษตร,24,12,1586840.0,-1586816.0,24.0,2567-09-30,DOC-AST-2567,2. สินทรัพย์คงเหลือ2567_1.pdf
2563,2020,06,2563-06,12060600,ครุภัณฑ์โรงงาน,102,51,1787880.0,-1786522.31,1357.69,2567-09-30,DOC-AST-2567,2. สินทรัพย์คงเหลือ2567_1.pdf
2563,2020,06,2563-06,12060900,ครุภัณฑ์วิทยาศาสตร์,248,126,33481672.96,-32372700.11,1108972.85,2567-09-30,DOC-AST-2567,2. สินทรัพย์คงเหลือ2567_1.pdf
2563,2020,06,2563-06,12061000,ครุภัณฑ์คอมพิวเตอร์,137,97,1715008.3,-1714871.3,137.0,2567-09-30,DOC-AST-2567,2. สินทรัพย์คงเหลือ2567_1.pdf
2563,2020,06,2563-06,12061100,ครุภัณฑ์การศึกษา,115,90,4615885.0,-4615770.0,115.0,2567-09-30,DOC-AST-2567,2. สินทรัพย์คงเหลือ2567_1.pdf
2563,2020,06,2563-06,12061200,ครุภัณฑ์งานบ้าน,580,568,10042634.08,-10042054.08,580.0,2567-09-30,DOC-AST-2567,2. สินทรัพย์คงเหลือ2567_1.pdf
2563,2020,06,2563-06,12061300,ครุภัณฑ์กีฬา,24,20,2959532.0,-2959508.0,24.0,2567-09-30,DOC-AST-2567,2. สินทรัพย์คงเหลือ2567_1.pdf
2563,2020,06,2563-06,12061400,ครุภัณฑ์ดนตรี,22,18,256657.09,-256635.09,22.0,2567-09-30,DOC-AST-2567,2. สินทรัพย์คงเหลือ2567_1.pdf
2563,2020,07,2563-07,12060100,ครุภัณฑ์สนง.,10994,7266,333012472.58,-318403968.39,14608504.19,2567-09-30,DOC-AST-2567,2. สินทรัพย์คงเหลือ2567_1.pdf
2563,2020,07,2563-07,12060200,ครุภัณฑ์ยานพาหนะ,340,218,235082366.54,-225004535.18,10077831.36,2567-09-30,DOC-AST-2567,2. สินทรัพย์คงเหลือ2567_1.pdf
2563,2020,07,2563-07,12060300,ครุภัณฑ์ไฟฟ้า,2607,1589,172623042.96,-141529631.18,31093411.78,2567-09-30,DOC-AST-2567,2. สินทรัพย์คงเหลือ2567_1.pdf
2563,2020,07,2563-07,12060400,ครุภัณฑ์โฆษณา,744,462,24259693.23,-22599631.33,1660061.9,2567-09-30,DOC-AST-2567,2. สินทรัพย์คงเหลือ2567_1.pdf
2563,2020,07,2563-07,12060500,ครุภัณฑ์การเกษตร,7,6,2668990.0,-2668983.0,7.0,2567-09-30,DOC-AST-2567,2. สินทรัพย์คงเหลือ2567_1.pdf
2563,2020,07,2563-07,12060600,ครุภัณฑ์โรงงาน,42,41,11672844.02,-11672802.02,42.0,2567-09-30,DOC-AST-2567,2. สินทรัพย์คงเหลือ2567_1.pdf
2563,2020,07,2563-07,12060900,ครุภัณฑ์วิทยาศาสตร์,17,12,118859.5,-110403.4,8456.1,2567-09-30,DOC-AST-2567,2. สินทรัพย์คงเหลือ2567_1.pdf
2563,2020,07,2563-07,12061000,ครุภัณฑ์คอมพิวเตอร์,15827,14168,1888015292.6,-1887407066.79,608225.81,2567-09-30,DOC-AST-2567,2. สินทรัพย์คงเหลือ2567_1.pdf
2563,2020,07,2563-07,12061100,ครุภัณฑ์การศึกษา,68,68,456370.0,-456302.0,68.0,2567-09-30,DOC-AST-2567,2. สินทรัพย์คงเหลือ2567_1.pdf
2563,2020,07,2563-07,12061200,ครุภัณฑ์งานบ้าน,939,788,9678132.31,-9655012.6,23119.71,2567-09-30,DOC-AST-2567,2. สินทรัพย์คงเหลือ2567_1.pdf
2563,2020,07,2563-07,12061300,ครุภัณฑ์กีฬา,120,93,3808815.05,-3807788.91,1026.14,2567-09-30,DOC-AST-2567,2. สินทรัพย์คงเหลือ2567_1.pdf
2563,2020,07,2563-07,12061400,ครุภัณฑ์ดนตรี,12,12,270895.35,-270883.35,12.0,2567-09-30,DOC-AST-2567,2. สินทรัพย์คงเหลือ2567_1.pdf
2563,2020,08,2563-08,12060100,ครุภัณฑ์สนง.,12,12,377282.0,-193471.52,183810.48,2567-09-30,DOC-AST-2567,2. สินทรัพย์คงเหลือ2567_1.pdf
2563,2020,08,2563-08,12061200,ครุภัณฑ์งานบ้าน,5,5,92500.0,-75860.35,16639.65,2567-09-30,DOC-AST-2567,2. สินทรัพย์คงเหลือ2567_1.pdf
2563,2020,08,2563-08,12061300,ครุภัณฑ์กีฬา,2,2,59800.0,-49531.38,10268.62,2567-09-30,DOC-AST-2567,2. สินทรัพย์คงเหลือ2567_1.pdf
2563,2020,09,2563-09,12060100,ครุภัณฑ์สนง.,4,4,128980.0,-65555.76,63424.24,2567-09-30,DOC-AST-2567,2. สินทรัพย์คงเหลือ2567_1.pdf
2563,2020,09,2563-09,12060400,ครุภัณฑ์โฆษณา,8,7,401233.07,-205759.98,195473.09,2567-09-30,DOC-AST-2567,2. สินทรัพย์คงเหลือ2567_1.pdf
2563,2020,09,2563-09,12061200,ครุภัณฑ์งานบ้าน,3,3,44120.0,-35872.11,8247.89,2567-09-30,DOC-AST-2567,2. สินทรัพย์คงเหลือ2567_1.pdf
2563,2020,09,2563-09,12061300,ครุภัณฑ์กีฬา,6,6,127000.0,-126994.0,6.0,2567-09-30,DOC-AST-2567,2. สินทรัพย์คงเหลือ2567_1.pdf
2563,2020,10,2563-10,12060100,ครุภัณฑ์สนง.,5679,3368,90984814.89,-82737614.52,8247200.37,2567-09-30,DOC-AST-2567,2. สินทรัพย์คงเหลือ2567_1.pdf
2563,2020,10,2563-10,12060200,ครุภัณฑ์ยานพาหนะ,276,148,156927290.0,-142046013.28,14881276.72,2567-09-30,DOC-AST-2567,2. สินทรัพย์คงเหลือ2567_1.pdf
2563,2020,10,2563-10,12060300,ครุภัณฑ์ไฟฟ้า,456,265,20150307.31,-16554342.94,3595964.37,2567-09-30,DOC-AST-2567,2. สินทรัพย์คงเหลือ2567_1.pdf
2563,2020,10,2563-10,12060400,ครุภัณฑ์โฆษณา,271,166,5190057.21,-4868217.01,321840.2,2567-09-30,DOC-AST-2567,2. สินทรัพย์คงเหลือ2567_1.pdf
2563,2020,10,2563-10,12060500,ครุภัณฑ์การเกษตร,5,3,52900.0,-47908.58,4991.42,2567-09-30,DOC-AST-2567,2. สินทรัพย์คงเหลือ2567_1.pdf
2563,2020,10,2563-10,12060600,ครุภัณฑ์โรงงาน,2,1,9400.0,-9398.0,2.0,2567-09-30,DOC-AST-2567,2. สินทรัพย์คงเหลือ2567_1.pdf
2563,2020,10,2563-10,12060900,ครุภัณฑ์วิทยาศาสตร์,5,3,30400.0,-28904.02,1495.98,2567-09-30,DOC-AST-2567,2. สินทรัพย์คงเหลือ2567_1.pdf
2563,2020,10,2563-10,12061000,ครุภัณฑ์คอมพิวเตอร์,865,705,25175641.87,-25157055.89,18585.98,2567-09-30,DOC-AST-2567,2. สินทรัพย์คงเหลือ2567_1.pdf
2563,2020,10,2563-10,12061200,ครุภัณฑ์งานบ้าน,435,272,3967757.92,-3923848.59,43909.33,2567-09-30,DOC-AST-2567,2. สินทรัพย์คงเหลือ2567_1.pdf
2563,2020,10,2563-10,12061300,ครุภัณฑ์กีฬา,66,48,1270306.0,-1221664.2,48641.8,2567-09-30,DOC-AST-2567,2. สินทรัพย์คงเหลือ2567_1.pdf
2563,2020,10,2563-10,12061500,ครุภัณฑ์สนาม,1,1,30000.0,-29999.0,1.0,2567-09-30,DOC-AST-2567,2. สินทรัพย์คงเหลือ2567_1.pdf
2563,2020,11,2563-11,12060100,ครุภัณฑ์สนง.,4767,2735,75747536.42,-63524192.25,12223344.17,2567-09-30,DOC-AST-2567,2. สินทรัพย์คงเหลือ2567_1.pdf
2563,2020,11,2563-11,12060200,ครุภัณฑ์ยานพาหนะ,185,98,101940680.0,-90626999.0,11313681.0,2567-09-30,DOC-AST-2567,2. สินทรัพย์คงเหลือ2567_1.pdf
2563,2020,11,2563-11,12060300,ครุภัณฑ์ไฟฟ้า,557,310,14827225.79,-10476696.87,4350528.92,2567-09-30,DOC-AST-2567,2. สินทรัพย์คงเหลือ2567_1.pdf
2563,2020,11,2563-11,12060400,ครุภัณฑ์โฆษณา,212,139,5111698.15,-4776572.71,335125.44,2567-09-30,DOC-AST-2567,2. สินทรัพย์คงเหลือ2567_1.pdf
2563,2020,11,2563-11,12060500,ครุภัณฑ์การเกษตร,10,8,97965.0,-87074.73,10890.27,2567-09-30,DOC-AST-2567,2. สินทรัพย์คงเหลือ2567_1.pdf
2563,2020,11,2563-11,12060900,ครุภัณฑ์วิทยาศาสตร์,2,1,6900.0,-4332.72,2567.28,2567-09-30,DOC-AST-2567,2. สินทรัพย์คงเหลือ2567_1.pdf
2563,2020,11,2563-11,12061000,ครุภัณฑ์คอมพิวเตอร์,624,529,22775679.71,-22174758.98,600920.73,2567-09-30,DOC-AST-2567,2. สินทรัพย์คงเหลือ2567_1.pdf
2563,2020,11,2563-11,12061200,ครุภัณฑ์งานบ้าน,385,254,4348137.93,-4260049.52,88088.41,2567-09-30,DOC-AST-2567,2. สินทรัพย์คงเหลือ2567_1.pdf
2563,2020,11,2563-11,12061300,ครุภัณฑ์กีฬา,32,29,674662.0,-657862.5,16799.5,2567-09-30,DOC-AST-2567,2. สินทรัพย์คงเหลือ2567_1.pdf
2563,2020,12,2563-12,12060100,ครุภัณฑ์สนง.,6077,3497,85171755.4,-72026271.54,13145483.86,2567-09-30,DOC-AST-2567,2. สินทรัพย์คงเหลือ2567_1.pdf
2563,2020,12,2563-12,12060200,ครุภัณฑ์ยานพาหนะ,118,66,74130942.0,-67689844.24,6441097.76,2567-09-30,DOC-AST-2567,2. สินทรัพย์คงเหลือ2567_1.pdf
2563,2020,12,2563-12,12060300,ครุภัณฑ์ไฟฟ้า,213,123,38833538.89,-18981496.32,19852042.57,2567-09-30,DOC-AST-2567,2. สินทรัพย์คงเหลือ2567_1.pdf
2563,2020,12,2563-12,12060400,ครุภัณฑ์โฆษณา,163,102,3084509.82,-2861038.91,223470.91,2567-09-30,DOC-AST-2567,2. สินทรัพย์คงเหลือ2567_1.pdf
2563,2020,12,2563-12,12060500,ครุภัณฑ์การเกษตร,16,12,209002.0,-200262.9,8739.1,2567-09-30,DOC-AST-2567,2. สินทรัพย์คงเหลือ2567_1.pdf
2563,2020,12,2563-12,12060900,ครุภัณฑ์วิทยาศาสตร์,5,4,26000.0,-23922.27,2077.73,2567-09-30,DOC-AST-2567,2. สินทรัพย์คงเหลือ2567_1.pdf
2563,2020,12,2563-12,12061000,ครุภัณฑ์คอมพิวเตอร์,1234,512,67693511.63,-55668094.7,12025416.93,2567-09-30,DOC-AST-2567,2. สินทรัพย์คงเหลือ2567_1.pdf
2563,2020,12,2563-12,12061200,ครุภัณฑ์งานบ้าน,243,173,2924897.65,-2915517.13,9380.52,2567-09-30,DOC-AST-2567,2. สินทรัพย์คงเหลือ2567_1.pdf
2563,2020,12,2563-12,12061300,ครุภัณฑ์กีฬา,32,28,638945.0,-627580.42,11364.58,2567-09-30,DOC-AST-2567,2. สินทรัพย์คงเหลือ2567_1.pdf
2564,2021,01,2564-01,12060100,ครุภัณฑ์สนง.,943,536,14486441.4,-11903041.57,2583399.83,2567-09-30,DOC-AST-2567,2. สินทรัพย์คงเหลือ2567_1.pdf
2564,2021,01,2564-01,12060200,ครุภัณฑ์ยานพาหนะ,44,27,21327777.0,-19000863.43,2326913.57,2567-09-30,DOC-AST-2567,2. สินทรัพย์คงเหลือ2567_1.pdf
2564,2021,01,2564-01,12060300,ครุภัณฑ์ไฟฟ้า,41,25,1327852.2,-1147383.73,180468.47,2567-09-30,DOC-AST-2567,2. สินทรัพย์คงเหลือ2567_1.pdf
2564,2021,01,2564-01,12060400,ครุภัณฑ์โฆษณา,57,43,1484096.0,-1432143.93,51952.07,2567-09-30,DOC-AST-2567,2. สินทรัพย์คงเหลือ2567_1.pdf
2564,2021,01,2564-01,12060500,ครุภัณฑ์การเกษตร,1,1,8500.0,-8499.0,1.0,2567-09-30,DOC-AST-2567,2. สินทรัพย์คงเหลือ2567_1.pdf
2564,2021,01,2564-01,12061000,ครุภัณฑ์คอมพิวเตอร์,120,101,3552759.99,-3550257.33,2502.66,2567-09-30,DOC-AST-2567,2. สินทรัพย์คงเหลือ2567_1.pdf
2564,2021,01,2564-01,12061200,ครุภัณฑ์งานบ้าน,147,82,855419.23,-849361.6,6057.63,2567-09-30,DOC-AST-2567,2. สินทรัพย์คงเหลือ2567_1.pdf
2564,2021,01,2564-01,12061300,ครุภัณฑ์กีฬา,11,10,212500.0,-212489.0,11.0,2567-09-30,DOC-AST-2567,2. สินทรัพย์คงเหลือ2567_1.pdf
2564,2021,02,2564-02,12060100,ครุภัณฑ์สนง.,1470,913,26674197.66,-24630039.78,2044157.88,2567-09-30,DOC-AST-2567,2. สินทรัพย์คงเหลือ2567_1.pdf
2564,2021,02,2564-02,12060200,ครุภัณฑ์ยานพาหนะ,72,37,35926065.0,-33019552.51,2906512.49,2567-09-30,DOC-AST-2567,2. สินทรัพย์คงเหลือ2567_1.pdf
2564,2021,02,2564-02,12060300,ครุภัณฑ์ไฟฟ้า,247,141,6533073.74,-5825733.03,707340.71,2567-09-30,DOC-AST-2567,2. สินทรัพย์คงเหลือ2567_1.pdf
2564,2021,02,2564-02,12060400,ครุภัณฑ์โฆษณา,80,55,1259726.0,-1020522.21,239203.79,2567-09-30,DOC-AST-2567,2. สินทรัพย์คงเหลือ2567_1.pdf
2564,2021,02,2564-02,12060900,ครุภัณฑ์วิทยาศาสตร์,4,2,13800.0,-10163.85,3636.15,2567-09-30,DOC-AST-2567,2. สินทรัพย์คงเหลือ2567_1.pdf
2564,2021,02,2564-02,12061000,ครุภัณฑ์คอมพิวเตอร์,424,293,10507416.0,-9986555.54,520860.46,2567-09-30,DOC-AST-2567,2. สินทรัพย์คงเหลือ2567_1.pdf
2564,2021,02,2564-02,12061200,ครุภัณฑ์งานบ้าน,109,76,1904874.16,-1808673.56,96200.6,2567-09-30,DOC-AST-2567,2. สินทรัพย์คงเหลือ2567_1.pdf
2564,2021,02,2564-02,12061300,ครุภัณฑ์กีฬา,18,17,376580.0,-376562.0,18.0,2567-09-30,DOC-AST-2567,2. สินทรัพย์คงเหลือ2567_1.pdf
2564,2021,03,2564-03,12060100,ครุภัณฑ์สนง.,52,52,2281600.0,-1017098.86,1264501.14,2567-09-30,DOC-AST-2567,2. สินทรัพย์คงเหลือ2567_1.pdf
2564,2021,03,2564-03,12060200,ครุภัณฑ์ยานพาหนะ,2,2,2538400.0,-1127724.62,1410675.38,2567-09-30,DOC-AST-2567,2. สินทรัพย์คงเหลือ2567_1.pdf
2564,2021,03,2564-03,12060300,ครุภัณฑ์ไฟฟ้า,5,5,372400.0,-132678.73,239721.27,2567-09-30,DOC-AST-2567,2. สินทรัพย์คงเหลือ2567_1.pdf
2564,2021,03,2564-03,12060400,ครุภัณฑ์โฆษณา,10,10,317155.0,-131962.62,185192.38,2567-09-30,DOC-AST-2567,2. สินทรัพย์คงเหลือ2567_1.pdf
2564,2021,03,2564-03,12060900,ครุภัณฑ์วิทยาศาสตร์,1,1,13200.0,-5840.55,7359.45,2567-09-30,DOC-AST-2567,2. สินทรัพย์คงเหลือ2567_1.pdf
2564,2021,03,2564-03,12061000,ครุภัณฑ์คอมพิวเตอร์,1,1,42265.0,-29990.78,12274.22,2567-09-30,DOC-AST-2567,2. สินทรัพย์คงเหลือ2567_1.pdf
2564,2021,03,2564-03,12061200,ครุภัณฑ์งานบ้าน,13,13,299860.0,-213180.33,86679.67,2567-09-30,DOC-AST-2567,2. สินทรัพย์คงเหลือ2567_1.pdf
2564,2021,04,2564-04,12060100,ครุภัณฑ์สนง.,197,114,3961865.0,-3816295.93,145569.07,2567-09-30,DOC-AST-2567,2. สินทรัพย์คงเหลือ2567_1.pdf
2564,2021,04,2564-04,12060200,ครุภัณฑ์ยานพาหนะ,9,5,4561000.0,-3727492.0,833508.0,2567-09-30,DOC-AST-2567,2. สินทรัพย์คงเหลือ2567_1.pdf
2564,2021,04,2564-04,12060300,ครุภัณฑ์ไฟฟ้า,17,11,474980.0,-431392.52,43587.48,2567-09-30,DOC-AST-2567,2. สินทรัพย์คงเหลือ2567_1.pdf
2564,2021,04,2564-04,12060400,ครุภัณฑ์โฆษณา,15,13,446585.0,-342046.67,104538.33,2567-09-30,DOC-AST-2567,2. สินทรัพย์คงเหลือ2567_1.pdf
2564,2021,04,2564-04,12060500,ครุภัณฑ์การเกษตร,2,2,24000.0,-23998.0,2.0,2567-09-30,DOC-AST-2567,2. สินทรัพย์คงเหลือ2567_1.pdf
2564,2021,04,2564-04,12061000,ครุภัณฑ์คอมพิวเตอร์,22,19,602869.94,-602353.63,516.31,2567-09-30,DOC-AST-2567,2. สินทรัพย์คงเหลือ2567_1.pdf
2564,2021,04,2564-04,12061200,ครุภัณฑ์งานบ้าน,40,39,570180.0,-501873.52,68306.48,2567-09-30,DOC-AST-2567,2. สินทรัพย์คงเหลือ2567_1.pdf
2564,2021,05,2564-05,12060100,ครุภัณฑ์สนง.,42,42,1818410.0,-772652.91,1045757.09,2567-09-30,DOC-AST-2567,2. สินทรัพย์คงเหลือ2567_1.pdf
2564,2021,05,2564-05,12060200,ครุภัณฑ์ยานพาหนะ,6,6,6713883.0,-2832363.16,3881519.84,2567-09-30,DOC-AST-2567,2. สินทรัพย์คงเหลือ2567_1.pdf
2564,2021,05,2564-05,12060300,ครุภัณฑ์ไฟฟ้า,8,8,571619.0,-197756.56,373862.44,2567-09-30,DOC-AST-2567,2. สินทรัพย์คงเหลือ2567_1.pdf
2564,2021,05,2564-05,12060400,ครุภัณฑ์โฆษณา,3,3,103350.0,-39587.52,63762.48,2567-09-30,DOC-AST-2567,2. สินทรัพย์คงเหลือ2567_1.pdf
2564,2021,05,2564-05,12061200,ครุภัณฑ์งานบ้าน,2,2,40000.0,-27017.22,12982.78,2567-09-30,DOC-AST-2567,2. สินทรัพย์คงเหลือ2567_1.pdf
2564,2021,06,2564-06,12060100,ครุภัณฑ์สนง.,49,49,1255008.0,-511400.14,743607.86,2567-09-30,DOC-AST-2567,2. สินทรัพย์คงเหลือ2567_1.pdf
2564,2021,06,2564-06,12060200,ครุภัณฑ์ยานพาหนะ,4,4,4858720.0,-2005776.05,2852943.95,2567-09-30,DOC-AST-2567,2. สินทรัพย์คงเหลือ2567_1.pdf
2564,2021,06,2564-06,12060300,ครุภัณฑ์ไฟฟ้า,14,14,483177.0,-160057.34,323119.66,2567-09-30,DOC-AST-2567,2. สินทรัพย์คงเหลือ2567_1.pdf
2564,2021,06,2564-06,12060400,ครุภัณฑ์โฆษณา,1,1,33598.0,-14003.0,19595.0,2567-09-30,DOC-AST-2567,2. สินทรัพย์คงเหลือ2567_1.pdf
2564,2021,06,2564-06,12061200,ครุภัณฑ์งานบ้าน,1,1,18489.6,-12268.99,6220.61,2567-09-30,DOC-AST-2567,2. สินทรัพย์คงเหลือ2567_1.pdf
2564,2021,07,2564-07,12060100,ครุภัณฑ์สนง.,15,15,568202.0,-211876.25,356325.75,2567-09-30,DOC-AST-2567,2. สินทรัพย์คงเหลือ2567_1.pdf
2564,2021,07,2564-07,12060200,ครุภัณฑ์ยานพาหนะ,6,6,9722500.0,-3903215.07,5819284.93,2567-09-30,DOC-AST-2567,2. สินทรัพย์คงเหลือ2567_1.pdf
2564,2021,07,2564-07,12060400,ครุภัณฑ์โฆษณา,1,1,13700.0,-5480.0,8220.0,2567-09-30,DOC-AST-2567,2. สินทรัพย์คงเหลือ2567_1.pdf
2564,2021,07,2564-07,12061000,ครุภัณฑ์คอมพิวเตอร์,30,25,7624700.0,-4867274.22,2757425.78,2567-09-30,DOC-AST-2567,2. สินทรัพย์คงเหลือ2567_1.pdf
2564,2021,07,2564-07,12061200,ครุภัณฑ์งานบ้าน,1,1,13375.0,-8567.33,4807.67,2567-09-30,DOC-AST-2567,2. สินทรัพย์คงเหลือ2567_1.pdf
2564,2021,08,2564-08,12060100,ครุภัณฑ์สนง.,4,4,82700.0,-32158.14,50541.86,2567-09-30,DOC-AST-2567,2. สินทรัพย์คงเหลือ2567_1.pdf
2564,2021,08,2564-08,12060200,ครุภัณฑ์ยานพาหนะ,3,3,3488000.0,-1397596.5,2090403.5,2567-09-30,DOC-AST-2567,2. สินทรัพย์คงเหลือ2567_1.pdf
2564,2021,08,2564-08,12061000,ครุภัณฑ์คอมพิวเตอร์,223,63,275013720.0,-171532307.79,103481412.21,2567-09-30,DOC-AST-2567,2. สินทรัพย์คงเหลือ2567_1.pdf
2564,2021,08,2564-08,12061200,ครุภัณฑ์งานบ้าน,5,5,81154.15,-51122.76,30031.39,2567-09-30,DOC-AST-2567,2. สินทรัพย์คงเหลือ2567_1.pdf
2564,2021,08,2564-08,12061500,ครุภัณฑ์สนาม,3,3,42000.0,-25913.43,16086.57,2567-09-30,DOC-AST-2567,2. สินทรัพย์คงเหลือ2567_1.pdf
2564,2021,09,2564-09,12060100,ครุภัณฑ์สนง.,57,38,986554.25,-420985.51,565568.74,2567-09-30,DOC-AST-2567,2. สินทรัพย์คงเหลือ2567_1.pdf
2564,2021,09,2564-09,12060400,ครุภัณฑ์โฆษณา,2,2,50615.0,-19297.72,31317.28,2567-09-30,DOC-AST-2567,2. สินทรัพย์คงเหลือ2567_1.pdf
2564,2021,09,2564-09,12061000,ครุภัณฑ์คอมพิวเตอร์,1,1,52430.0,-31860.2,20569.8,2567-09-30,DOC-AST-2567,2. สินทรัพย์คงเหลือ2567_1.pdf
2564,2021,09,2564-09,12061200,ครุภัณฑ์งานบ้าน,6,3,45889.3,-38266.71,7622.59,2567-09-30,DOC-AST-2567,2. สินทรัพย์คงเหลือ2567_1.pdf
2564,2021,10,2564-10,12060100,ครุภัณฑ์สนง.,5,5,171878.0,-63693.43,108184.57,2567-09-30,DOC-AST-2567,2. สินทรัพย์คงเหลือ2567_1.pdf
2564,2021,10,2564-10,12060200,ครุภัณฑ์ยานพาหนะ,1,1,1299900.0,-485236.64,814663.36,2567-09-30,DOC-AST-2567,2. สินทรัพย์คงเหลือ2567_1.pdf
2564,2021,10,2564-10,12060300,ครุภัณฑ์ไฟฟ้า,1,1,272615.67,-80440.3,192175.37,2567-09-30,DOC-AST-2567,2. สินทรัพย์คงเหลือ2567_1.pdf
2564,2021,10,2564-10,12060400,ครุภัณฑ์โฆษณา,3,3,73492.95,-27132.0,46360.95,2567-09-30,DOC-AST-2567,2. สินทรัพย์คงเหลือ2567_1.pdf
2564,2021,10,2564-10,12061000,ครุภัณฑ์คอมพิวเตอร์,1,1,25000.0,-14767.12,10232.88,2567-09-30,DOC-AST-2567,2. สินทรัพย์คงเหลือ2567_1.pdf
2564,2021,10,2564-10,12061200,ครุภัณฑ์งานบ้าน,2,2,34989.0,-20667.48,14321.52,2567-09-30,DOC-AST-2567,2. สินทรัพย์คงเหลือ2567_1.pdf
2564,2021,10,2564-10,12061500,ครุภัณฑ์สนาม,4,4,99104.0,-58056.98,41047.02,2567-09-30,DOC-AST-2567,2. สินทรัพย์คงเหลือ2567_1.pdf
2564,2021,11,2564-11,12060100,ครุภัณฑ์สนง.,9,9,964430.0,-391935.57,572494.43,2567-09-30,DOC-AST-2567,2. สินทรัพย์คงเหลือ2567_1.pdf
2564,2021,11,2564-11,12060200,ครุภัณฑ์ยานพาหนะ,3,3,3983900.0,-1426023.46,2557876.54,2567-09-30,DOC-AST-2567,2. สินทรัพย์คงเหลือ2567_1.pdf
2564,2021,11,2564-11,12060300,ครุภัณฑ์ไฟฟ้า,9,9,386665.0,-248800.21,137864.79,2567-09-30,DOC-AST-2567,2. สินทรัพย์คงเหลือ2567_1.pdf
2564,2021,11,2564-11,12060400,ครุภัณฑ์โฆษณา,8,8,303568.0,-192164.89,111403.11,2567-09-30,DOC-AST-2567,2. สินทรัพย์คงเหลือ2567_1.pdf
2564,2021,11,2564-11,12061000,ครุภัณฑ์คอมพิวเตอร์,1,1,90843.0,-90842.0,1.0,2567-09-30,DOC-AST-2567,2. สินทรัพย์คงเหลือ2567_1.pdf
2564,2021,11,2564-11,12061500,ครุภัณฑ์สนาม,2,2,71000.0,-40693.7,30306.3,2567-09-30,DOC-AST-2567,2. สินทรัพย์คงเหลือ2567_1.pdf
2564,2021,12,2564-12,12060100,ครุภัณฑ์สนง.,33,33,1435732.45,-511466.58,924265.87,2567-09-30,DOC-AST-2567,2. สินทรัพย์คงเหลือ2567_1.pdf
2564,2021,12,2564-12,12060200,ครุภัณฑ์ยานพาหนะ,2,2,2328500.0,-815825.75,1512674.25,2567-09-30,DOC-AST-2567,2. สินทรัพย์คงเหลือ2567_1.pdf
2564,2021,12,2564-12,12060300,ครุภัณฑ์ไฟฟ้า,3,3,299848.51,-83894.03,215954.48,2567-09-30,DOC-AST-2567,2. สินทรัพย์คงเหลือ2567_1.pdf
2564,2021,12,2564-12,12060400,ครุภัณฑ์โฆษณา,8,8,246997.0,-85896.29,161100.71,2567-09-30,DOC-AST-2567,2. สินทรัพย์คงเหลือ2567_1.pdf
2564,2021,12,2564-12,12061000,ครุภัณฑ์คอมพิวเตอร์,2,2,26684.0,-14832.37,11851.63,2567-09-30,DOC-AST-2567,2. สินทรัพย์คงเหลือ2567_1.pdf
2564,2021,12,2564-12,12061200,ครุภัณฑ์งานบ้าน,2,2,32712.28,-18219.25,14493.03,2567-09-30,DOC-AST-2567,2. สินทรัพย์คงเหลือ2567_1.pdf
2564,2021,12,2564-12,12061500,ครุภัณฑ์สนาม,1,1,29500.0,-16681.64,12818.36,2567-09-30,DOC-AST-2567,2. สินทรัพย์คงเหลือ2567_1.pdf
2565,2022,01,2565-01,12060100,ครุภัณฑ์สนง.,6,6,146755.0,-49118.34,97636.66,2567-09-30,DOC-AST-2567,2. สินทรัพย์คงเหลือ2567_1.pdf
2565,2022,01,2565-01,12060400,ครุภัณฑ์โฆษณา,1,1,14900.0,-4990.48,9909.52,2567-09-30,DOC-AST-2567,2. สินทรัพย์คงเหลือ2567_1.pdf
2565,2022,01,2565-01,12061200,ครุภัณฑ์งานบ้าน,8,8,191565.0,-102740.72,88824.28,2567-09-30,DOC-AST-2567,2. สินทรัพย์คงเหลือ2567_1.pdf
2565,2022,02,2565-02,12060100,ครุภัณฑ์สนง.,18,18,817061.0,-267635.87,549425.13,2567-09-30,DOC-AST-2567,2. สินทรัพย์คงเหลือ2567_1.pdf
2565,2022,02,2565-02,12060200,ครุภัณฑ์ยานพาหนะ,1,1,1561300.0,-506887.81,1054412.19,2567-09-30,DOC-AST-2567,2. สินทรัพย์คงเหลือ2567_1.pdf
2565,2022,02,2565-02,12060300,ครุภัณฑ์ไฟฟ้า,3,3,292500.0,-76045.2,216454.8,2567-09-30,DOC-AST-2567,2. สินทรัพย์คงเหลือ2567_1.pdf
2565,2022,02,2565-02,12060400,ครุภัณฑ์โฆษณา,9,9,268990.0,-87037.93,181952.07,2567-09-30,DOC-AST-2567,2. สินทรัพย์คงเหลือ2567_1.pdf
2565,2022,02,2565-02,12061200,ครุภัณฑ์งานบ้าน,8,8,160526.48,-83817.1,76709.38,2567-09-30,DOC-AST-2567,2. สินทรัพย์คงเหลือ2567_1.pdf
2565,2022,02,2565-02,12061500,ครุภัณฑ์สนาม,7,7,163775.0,-85179.16,78595.84,2567-09-30,DOC-AST-2567,2. สินทรัพย์คงเหลือ2567_1.pdf
2565,2022,03,2565-03,12060100,ครุภัณฑ์สนง.,73,73,2309984.54,-823474.21,1486510.33,2567-09-30,DOC-AST-2567,2. สินทรัพย์คงเหลือ2567_1.pdf
2565,2022,03,2565-03,12060300,ครุภัณฑ์ไฟฟ้า,3,3,171360.0,-43071.78,128288.22,2567-09-30,DOC-AST-2567,2. สินทรัพย์คงเหลือ2567_1.pdf
2565,2022,03,2565-03,12060400,ครุภัณฑ์โฆษณา,6,6,156160.0,-49943.32,106216.68,2567-09-30,DOC-AST-2567,2. สินทรัพย์คงเหลือ2567_1.pdf
2565,2022,03,2565-03,12061000,ครุภัณฑ์คอมพิวเตอร์,2,2,22458000.0,-11616631.24,10841368.76,2567-09-30,DOC-AST-2567,2. สินทรัพย์คงเหลือ2567_1.pdf
2565,2022,03,2565-03,12061200,ครุภัณฑ์งานบ้าน,11,11,502852.4,-255577.65,247274.75,2567-09-30,DOC-AST-2567,2. สินทรัพย์คงเหลือ2567_1.pdf
2565,2022,04,2565-04,12060100,ครุภัณฑ์สนง.,35,35,924320.0,-284418.35,639901.65,2567-09-30,DOC-AST-2567,2. สินทรัพย์คงเหลือ2567_1.pdf
2565,2022,04,2565-04,12060200,ครุภัณฑ์ยานพาหนะ,1,1,875900.0,-265469.69,610430.31,2567-09-30,DOC-AST-2567,2. สินทรัพย์คงเหลือ2567_1.pdf
2565,2022,04,2565-04,12060400,ครุภัณฑ์โฆษณา,5,5,131931.6,-38996.32,92935.28,2567-09-30,DOC-AST-2567,2. สินทรัพย์คงเหลือ2567_1.pdf
2565,2022,04,2565-04,12061200,ครุภัณฑ์งานบ้าน,7,7,128447.3,-63377.65,65069.65,2567-09-30,DOC-AST-2567,2. สินทรัพย์คงเหลือ2567_1.pdf
2565,2022,05,2565-05,12060100,ครุภัณฑ์สนง.,76,76,4109761.66,-1220336.2,2889425.46,2567-09-30,DOC-AST-2567,2. สินทรัพย์คงเหลือ2567_1.pdf
2565,2022,05,2565-05,12060200,ครุภัณฑ์ยานพาหนะ,1,1,1290000.0,-383023.97,906976.03,2567-09-30,DOC-AST-2567,2. สินทรัพย์คงเหลือ2567_1.pdf
2565,2022,05,2565-05,12060300,ครุภัณฑ์ไฟฟ้า,6,6,3515983.5,-834676.39,2681307.11,2567-09-30,DOC-AST-2567,2. สินทรัพย์คงเหลือ2567_1.pdf
2565,2022,05,2565-05,12061200,ครุภัณฑ์งานบ้าน,4,4,275702.4,-132361.87,143340.53,2567-09-30,DOC-AST-2567,2. สินทรัพย์คงเหลือ2567_1.pdf
2565,2022,06,2565-06,12060100,ครุภัณฑ์สนง.,15,15,399774.01,-114107.75,285666.26,2567-09-30,DOC-AST-2567,2. สินทรัพย์คงเหลือ2567_1.pdf
2565,2022,06,2565-06,12060200,ครุภัณฑ์ยานพาหนะ,3,3,2384000.0,-680808.56,1703191.44,2567-09-30,DOC-AST-2567,2. สินทรัพย์คงเหลือ2567_1.pdf
2565,2022,06,2565-06,12060300,ครุภัณฑ์ไฟฟ้า,1,1,23200.0,-10462.25,12737.75,2567-09-30,DOC-AST-2567,2. สินทรัพย์คงเหลือ2567_1.pdf
2565,2022,07,2565-07,12060100,ครุภัณฑ์สนง.,30,30,472500.0,-129801.9,342698.1,2567-09-30,DOC-AST-2567,2. สินทรัพย์คงเหลือ2567_1.pdf
2565,2022,07,2565-07,12060200,ครุภัณฑ์ยานพาหนะ,7,7,8037829.0,-2345017.37,5692811.63,2567-09-30,DOC-AST-2567,2. สินทรัพย์คงเหลือ2567_1.pdf
2565,2022,08,2565-08,12060100,ครุภัณฑ์สนง.,870,475,7006348.98,-5498705.81,1507643.17,2567-09-30,DOC-AST-2567,2. สินทรัพย์คงเหลือ2567_1.pdf
2565,2022,08,2565-08,12060200,ครุภัณฑ์ยานพาหนะ,27,18,17622400.0,-11906480.95,5715919.05,2567-09-30,DOC-AST-2567,2. สินทรัพย์คงเหลือ2567_1.pdf
2565,2022,08,2565-08,12060300,ครุภัณฑ์ไฟฟ้า,154,79,1624678.4,-1044792.42,579885.98,2567-09-30,DOC-AST-2567,2. สินทรัพย์คงเหลือ2567_1.pdf
2565,2022,08,2565-08,12060400,ครุภัณฑ์โฆษณา,13,7,84150.0,-80376.41,3773.59,2567-09-30,DOC-AST-2567,2. สินทรัพย์คงเหลือ2567_1.pdf
2565,2022,08,2565-08,12061000,ครุภัณฑ์คอมพิวเตอร์,292,208,37408101.4,-24724871.18,12683230.22,2567-09-30,DOC-AST-2567,2. สินทรัพย์คงเหลือ2567_1.pdf
2565,2022,08,2565-08,12061200,ครุภัณฑ์งานบ้าน,28,17,337220.0,-309290.57,27929.43,2567-09-30,DOC-AST-2567,2. สินทรัพย์คงเหลือ2567_1.pdf
2565,2022,08,2565-08,12061300,ครุภัณฑ์กีฬา,9,9,176030.0,-176021.0,9.0,2567-09-30,DOC-AST-2567,2. สินทรัพย์คงเหลือ2567_1.pdf
2565,2022,09,2565-09,12060100,ครุภัณฑ์สนง.,4,4,108790.0,-27959.04,80830.96,2567-09-30,DOC-AST-2567,2. สินทรัพย์คงเหลือ2567_1.pdf
2565,2022,09,2565-09,12060200,ครุภัณฑ์ยานพาหนะ,2,2,2625000.0,-669712.76,1955287.24,2567-09-30,DOC-AST-2567,2. สินทรัพย์คงเหลือ2567_1.pdf
2565,2022,09,2565-09,12060300,ครุภัณฑ์ไฟฟ้า,1,1,44630.0,-44629.0,1.0,2567-09-30,DOC-AST-2567,2. สินทรัพย์คงเหลือ2567_1.pdf
2565,2022,09,2565-09,12060400,ครุภัณฑ์โฆษณา,1,1,14900.0,-3821.95,11078.05,2567-09-30,DOC-AST-2567,2. สินทรัพย์คงเหลือ2567_1.pdf
2565,2022,09,2565-09,12061000,ครุภัณฑ์คอมพิวเตอร์,4,2,941600.0,-587816.04,353783.96,2567-09-30,DOC-AST-2567,2. สินทรัพย์คงเหลือ2567_1.pdf
2565,2022,10,2565-10,12060100,ครุภัณฑ์สนง.,10,9,185257.2,-88317.21,96939.99,2567-09-30,DOC-AST-2567,2. สินทรัพย์คงเหลือ2567_1.pdf
2565,2022,10,2565-10,12060200,ครุภัณฑ์ยานพาหนะ,7,5,5338800.0,-1329968.74,4008831.26,2567-09-30,DOC-AST-2567,2. สินทรัพย์คงเหลือ2567_1.pdf
2565,2022,10,2565-10,12061000,ครุภัณฑ์คอมพิวเตอร์,71,71,20626400.0,-8373215.55,12253184.45,2567-09-30,DOC-AST-2567,2. สินทรัพย์คงเหลือ2567_1.pdf
2565,2022,11,2565-11,12060100,ครุภัณฑ์สนง.,11,11,523356.15,-124799.73,398556.42,2567-09-30,DOC-AST-2567,2. สินทรัพย์คงเหลือ2567_1.pdf
2565,2022,11,2565-11,12060200,ครุภัณฑ์ยานพาหนะ,2,2,2004500.0,-464433.43,1540066.57,2567-09-30,DOC-AST-2567,2. สินทรัพย์คงเหลือ2567_1.pdf
2565,2022,11,2565-11,12060300,ครุภัณฑ์ไฟฟ้า,1,1,5457000.0,-515169.58,4941830.42,2567-09-30,DOC-AST-2567,2. สินทรัพย์คงเหลือ2567_1.pdf
2565,2022,11,2565-11,12061200,ครุภัณฑ์งานบ้าน,2,2,35400.0,-13123.01,22276.99,2567-09-30,DOC-AST-2567,2. สินทรัพย์คงเหลือ2567_1.pdf
2565,2022,12,2565-12,12060100,ครุภัณฑ์สนง.,17,17,551519.1,-121617.41,429901.69,2567-09-30,DOC-AST-2567,2. สินทรัพย์คงเหลือ2567_1.pdf
2565,2022,12,2565-12,12060200,ครุภัณฑ์ยานพาหนะ,3,3,2873705.0,-635913.69,2237791.31,2567-09-30,DOC-AST-2567,2. สินทรัพย์คงเหลือ2567_1.pdf
2565,2022,12,2565-12,12060300,ครุภัณฑ์ไฟฟ้า,2,2,431134.79,-77972.6,353162.19,2567-09-30,DOC-AST-2567,2. สินทรัพย์คงเหลือ2567_1.pdf
2565,2022,12,2565-12,12060400,ครุภัณฑ์โฆษณา,5,5,554775.01,-125572.88,429202.13,2567-09-30,DOC-AST-2567,2. สินทรัพย์คงเหลือ2567_1.pdf
2565,2022,12,2565-12,12061000,ครุภัณฑ์คอมพิวเตอร์,14,14,280000.0,-99328.6,180671.4,2567-09-30,DOC-AST-2567,2. สินทรัพย์คงเหลือ2567_1.pdf
2565,2022,12,2565-12,12061200,ครุภัณฑ์งานบ้าน,3,3,57500.0,-20240.62,37259.38,2567-09-30,DOC-AST-2567,2. สินทรัพย์คงเหลือ2567_1.pdf
2566,2023,01,2566-01,12060100,ครุภัณฑ์สนง.,28,28,31099035.2,-7590311.88,23508723.32,2567-09-30,DOC-AST-2567,2. สินทรัพย์คงเหลือ2567_1.pdf
2566,2023,01,2566-01,12061200,ครุภัณฑ์งานบ้าน,4,4,67100.0,-22398.35,44701.65,2567-09-30,DOC-AST-2567,2. สินทรัพย์คงเหลือ2567_1.pdf
2566,2023,02,2566-02,12060100,ครุภัณฑ์สนง.,124,122,4183089.0,-907993.7,3275095.3,2567-09-30,DOC-AST-2567,2. สินทรัพย์คงเหลือ2567_1.pdf
2566,2023,02,2566-02,12060300,ครุภัณฑ์ไฟฟ้า,3,3,136400.0,-22419.92,113980.08,2567-09-30,DOC-AST-2567,2. สินทรัพย์คงเหลือ2567_1.pdf
2566,2023,02,2566-02,12060400,ครุภัณฑ์โฆษณา,8,7,189279.0,-47355.19,141923.81,2567-09-30,DOC-AST-2567,2. สินทรัพย์คงเหลือ2567_1.pdf
2566,2023,02,2566-02,12061200,ครุภัณฑ์งานบ้าน,16,16,255077.86,-83215.96,171861.9,2567-09-30,DOC-AST-2567,2. สินทรัพย์คงเหลือ2567_1.pdf
2566,2023,03,2566-03,12060100,ครุภัณฑ์สนง.,388,358,19806193.19,-4753032.55,15053160.64,2567-09-30,DOC-AST-2567,2. สินทรัพย์คงเหลือ2567_1.pdf
2566,2023,03,2566-03,12060200,ครุภัณฑ์ยานพาหนะ,1,1,677000.0,-300249.09,376750.91,2567-09-30,DOC-AST-2567,2. สินทรัพย์คงเหลือ2567_1.pdf
2566,2023,03,2566-03,12060300,ครุภัณฑ์ไฟฟ้า,9,9,1960463.44,-310739.01,1649724.43,2567-09-30,DOC-AST-2567,2. สินทรัพย์คงเหลือ2567_1.pdf
2566,2023,03,2566-03,12060400,ครุภัณฑ์โฆษณา,19,19,369675.75,-80842.94,288832.81,2567-09-30,DOC-AST-2567,2. สินทรัพย์คงเหลือ2567_1.pdf
2566,2023,03,2566-03,12061000,ครุภัณฑ์คอมพิวเตอร์,883,883,179605850.11,-86533537.6,93072312.51,2567-09-30,DOC-AST-2567,2. สินทรัพย์คงเหลือ2567_1.pdf
2566,2023,03,2566-03,12061200,ครุภัณฑ์งานบ้าน,10,10,476565.6,-161445.91,315119.69,2567-09-30,DOC-AST-2567,2. สินทรัพย์คงเหลือ2567_1.pdf
2566,2023,04,2566-04,12060100,ครุภัณฑ์สนง.,28,28,720189.0,-130165.11,590023.89,2567-09-30,DOC-AST-2567,2. สินทรัพย์คงเหลือ2567_1.pdf
2566,2023,04,2566-04,12060300,ครุภัณฑ์ไฟฟ้า,1,1,69050.0,-10329.12,58720.88,2567-09-30,DOC-AST-2567,2. สินทรัพย์คงเหลือ2567_1.pdf
2566,2023,04,2566-04,12060400,ครุภัณฑ์โฆษณา,3,3,74289.0,-13690.37,60598.63,2567-09-30,DOC-AST-2567,2. สินทรัพย์คงเหลือ2567_1.pdf
2566,2023,04,2566-04,12061200,ครุภัณฑ์งานบ้าน,1,1,23000.0,-6692.05,16307.95,2567-09-30,DOC-AST-2567,2. สินทรัพย์คงเหลือ2567_1.pdf
2566,2023,05,2566-05,12060100,ครุภัณฑ์สนง.,21,21,855320.0,-148495.51,706824.49,2567-09-30,DOC-AST-2567,2. สินทรัพย์คงเหลือ2567_1.pdf
2566,2023,05,2566-05,12060300,ครุภัณฑ์ไฟฟ้า,2,2,399500.0,-61111.92,338388.08,2567-09-30,DOC-AST-2567,2. สินทรัพย์คงเหลือ2567_1.pdf
2566,2023,05,2566-05,12060400,ครุภัณฑ์โฆษณา,9,9,142617.5,-27862.37,114755.13,2567-09-30,DOC-AST-2567,2. สินทรัพย์คงเหลือ2567_1.pdf
2566,2023,05,2566-05,12061000,ครุภัณฑ์คอมพิวเตอร์,12,12,269426.0,-72932.28,196493.72,2567-09-30,DOC-AST-2567,2. สินทรัพย์คงเหลือ2567_1.pdf
2566,2023,05,2566-05,12061200,ครุภัณฑ์งานบ้าน,4,4,71698.25,-20557.09,51141.16,2567-09-30,DOC-AST-2567,2. สินทรัพย์คงเหลือ2567_1.pdf
2566,2023,06,2566-06,12060100,ครุภัณฑ์สนง.,57,57,2129453.0,-369478.45,1759974.55,2567-09-30,DOC-AST-2567,2. สินทรัพย์คงเหลือ2567_1.pdf
2566,2023,06,2566-06,12060300,ครุภัณฑ์ไฟฟ้า,2,2,336480.09,-44900.77,291579.32,2567-09-30,DOC-AST-2567,2. สินทรัพย์คงเหลือ2567_1.pdf
2566,2023,06,2566-06,12060400,ครุภัณฑ์โฆษณา,16,16,395300.0,-84929.34,310370.66,2567-09-30,DOC-AST-2567,2. สินทรัพย์คงเหลือ2567_1.pdf
2566,2023,07,2566-07,12060100,ครุภัณฑ์สนง.,7,7,186700.0,-28920.07,157779.93,2567-09-30,DOC-AST-2567,2. สินทรัพย์คงเหลือ2567_1.pdf
2566,2023,07,2566-07,12060400,ครุภัณฑ์โฆษณา,1,1,761000.0,-141143.26,619856.74,2567-09-30,DOC-AST-2567,2. สินทรัพย์คงเหลือ2567_1.pdf
2566,2023,07,2566-07,12061000,ครุภัณฑ์คอมพิวเตอร์,491,491,99899100.0,-32914283.99,66984816.01,2567-09-30,DOC-AST-2567,2. สินทรัพย์คงเหลือ2567_1.pdf
2566,2023,07,2566-07,12061200,ครุภัณฑ์งานบ้าน,9,9,175040.0,-146474.21,28565.79,2567-09-30,DOC-AST-2567,2. สินทรัพย์คงเหลือ2567_1.pdf
2566,2023,08,2566-08,12060100,ครุภัณฑ์สนง.,143,93,4049722.74,-3669336.27,380386.47,2567-09-30,DOC-AST-2567,2. สินทรัพย์คงเหลือ2567_1.pdf
2566,2023,08,2566-08,12060200,ครุภัณฑ์ยานพาหนะ,11,8,5160200.0,-4456864.95,703335.05,2567-09-30,DOC-AST-2567,2. สินทรัพย์คงเหลือ2567_1.pdf
2566,2023,08,2566-08,12060300,ครุภัณฑ์ไฟฟ้า,99,84,1743910.0,-1631184.2,112725.8,2567-09-30,DOC-AST-2567,2. สินทรัพย์คงเหลือ2567_1.pdf
2566,2023,08,2566-08,12060400,ครุภัณฑ์โฆษณา,17,12,388550.0,-317226.92,71323.08,2567-09-30,DOC-AST-2567,2. สินทรัพย์คงเหลือ2567_1.pdf
2566,2023,08,2566-08,12060500,ครุภัณฑ์การเกษตร,22,19,1700667.0,-1638103.5,62563.5,2567-09-30,DOC-AST-2567,2. สินทรัพย์คงเหลือ2567_1.pdf
2566,2023,08,2566-08,12060600,ครุภัณฑ์โรงงาน,60,58,4603780.0,-4593937.36,9842.64,2567-09-30,DOC-AST-2567,2. สินทรัพย์คงเหลือ2567_1.pdf
2566,2023,08,2566-08,12060900,ครุภัณฑ์วิทยาศาสตร์,185,120,20339847.0,-14625787.18,5714059.82,2567-09-30,DOC-AST-2567,2. สินทรัพย์คงเหลือ2567_1.pdf
2566,2023,08,2566-08,12061000,ครุภัณฑ์คอมพิวเตอร์,6362,6341,173568516.36,-101038407.93,72530108.43,2567-09-30,DOC-AST-2567,2. สินทรัพย์คงเหลือ2567_1.pdf
2566,2023,08,2566-08,12061100,ครุภัณฑ์การศึกษา,27,25,873296.0,-873269.0,27.0,2567-09-30,DOC-AST-2567,2. สินทรัพย์คงเหลือ2567_1.pdf
2566,2023,08,2566-08,12061200,ครุภัณฑ์งานบ้าน,40,33,4477534.95,-4340871.34,136663.61,2567-09-30,DOC-AST-2567,2. สินทรัพย์คงเหลือ2567_1.pdf
2566,2023,08,2566-08,12061300,ครุภัณฑ์กีฬา,23,15,1355550.0,-1095735.62,259814.38,2567-09-30,DOC-AST-2567,2. สินทรัพย์คงเหลือ2567_1.pdf
2566,2023,08,2566-08,12061400,ครุภัณฑ์ดนตรี,10,5,120900.0,-65988.29,54911.71,2567-09-30,DOC-AST-2567,2. สินทรัพย์คงเหลือ2567_1.pdf
2566,2023,09,2566-09,12060100,ครุภัณฑ์สนง.,676,592,41955862.81,-12883336.38,29072526.43,2567-09-30,DOC-AST-2567,2. สินทรัพย์คงเหลือ2567_1.pdf
2566,2023,09,2566-09,12060200,ครุภัณฑ์ยานพาหนะ,24,15,14891800.0,-9580340.18,5311459.82,2567-09-30,DOC-AST-2567,2. สินทรัพย์คงเหลือ2567_1.pdf
2566,2023,09,2566-09,12060300,ครุภัณฑ์ไฟฟ้า,62,59,2630966.0,-2479919.43,151046.57,2567-09-30,DOC-AST-2567,2. สินทรัพย์คงเหลือ2567_1.pdf
2566,2023,09,2566-09,12060400,ครุภัณฑ์โฆษณา,32,27,1118146.54,-1118114.54,32.0,2567-09-30,DOC-AST-2567,2. สินทรัพย์คงเหลือ2567_1.pdf
2566,2023,09,2566-09,12060500,ครุภัณฑ์การเกษตร,2,2,49500.0,-49498.0,2.0,2567-09-30,DOC-AST-2567,2. สินทรัพย์คงเหลือ2567_1.pdf
2566,2023,09,2566-09,12060600,ครุภัณฑ์โรงงาน,115,114,9837900.0,-9819287.72,18612.28,2567-09-30,DOC-AST-2567,2. สินทรัพย์คงเหลือ2567_1.pdf
2566,2023,09,2566-09,12060900,ครุภัณฑ์วิทยาศาสตร์,165,121,15159423.02,-10381305.14,4778117.88,2567-09-30,DOC-AST-2567,2. สินทรัพย์คงเหลือ2567_1.pdf
2566,2023,09,2566-09,12061000,ครุภัณฑ์คอมพิวเตอร์,497,494,36482972.0,-12151867.05,24331104.95,2567-09-30,DOC-AST-2567,2. สินทรัพย์คงเหลือ2567_1.pdf
2566,2023,09,2566-09,12061100,ครุภัณฑ์การศึกษา,53,48,2180750.0,-2170066.14,10683.86,2567-09-30,DOC-AST-2567,2. สินทรัพย์คงเหลือ2567_1.pdf
2566,2023,09,2566-09,12061200,ครุภัณฑ์งานบ้าน,37,34,1410631.0,-1384425.3,26205.7,2567-09-30,DOC-AST-2567,2. สินทรัพย์คงเหลือ2567_1.pdf
2566,2023,09,2566-09,12061300,ครุภัณฑ์กีฬา,17,17,1092304.85,-1092287.85,17.0,2567-09-30,DOC-AST-2567,2. สินทรัพย์คงเหลือ2567_1.pdf
2566,2023,09,2566-09,12061400,ครุภัณฑ์ดนตรี,20,20,355500.0,-355480.0,20.0,2567-09-30,DOC-AST-2567,2. สินทรัพย์คงเหลือ2567_1.pdf
2566,2023,10,2566-10,12060100,ครุภัณฑ์สนง.,180,157,3790953.04,-3081511.85,709441.19,2567-09-30,DOC-AST-2567,2. สินทรัพย์คงเหลือ2567_1.pdf
2566,2023,10,2566-10,12060200,ครุภัณฑ์ยานพาหนะ,16,11,10598430.0,-9568172.24,1030257.76,2567-09-30,DOC-AST-2567,2. สินทรัพย์คงเหลือ2567_1.pdf
2566,2023,10,2566-10,12060300,ครุภัณฑ์ไฟฟ้า,94,71,2173278.2,-989992.72,1183285.48,2567-09-30,DOC-AST-2567,2. สินทรัพย์คงเหลือ2567_1.pdf
2566,2023,10,2566-10,12060400,ครุภัณฑ์โฆษณา,13,9,600941.0,-276206.71,324734.29,2567-09-30,DOC-AST-2567,2. สินทรัพย์คงเหลือ2567_1.pdf
2566,2023,10,2566-10,12060500,ครุภัณฑ์การเกษตร,12,8,401407.45,-196151.65,205255.8,2567-09-30,DOC-AST-2567,2. สินทรัพย์คงเหลือ2567_1.pdf
2566,2023,10,2566-10,12060600,ครุภัณฑ์โรงงาน,87,58,10918477.2,-10584885.9,333591.3,2567-09-30,DOC-AST-2567,2. สินทรัพย์คงเหลือ2567_1.pdf
2566,2023,10,2566-10,12060900,ครุภัณฑ์วิทยาศาสตร์,135,94,21698152.45,-16020582.24,5677570.21,2567-09-30,DOC-AST-2567,2. สินทรัพย์คงเหลือ2567_1.pdf
2566,2023,10,2566-10,12061000,ครุภัณฑ์คอมพิวเตอร์,12,10,348690.0,-325388.46,23301.54,2567-09-30,DOC-AST-2567,2. สินทรัพย์คงเหลือ2567_1.pdf
2566,2023,10,2566-10,12061100,ครุภัณฑ์การศึกษา,11,10,343274.0,-321990.37,21283.63,2567-09-30,DOC-AST-2567,2. สินทรัพย์คงเหลือ2567_1.pdf
2566,2023,10,2566-10,12061200,ครุภัณฑ์งานบ้าน,75,51,1422935.97,-1374510.4,48425.57,2567-09-30,DOC-AST-2567,2. สินทรัพย์คงเหลือ2567_1.pdf
2566,2023,10,2566-10,12061300,ครุภัณฑ์กีฬา,54,41,3199250.0,-2920719.48,278530.52,2567-09-30,DOC-AST-2567,2. สินทรัพย์คงเหลือ2567_1.pdf
2566,2023,10,2566-10,12061400,ครุภัณฑ์ดนตรี,10,10,424520.0,-424510.0,10.0,2567-09-30,DOC-AST-2567,2. สินทรัพย์คงเหลือ2567_1.pdf
2566,2023,11,2566-11,12060100,ครุภัณฑ์สนง.,60,30,576631.52,-334286.58,242344.94,2567-09-30,DOC-AST-2567,2. สินทรัพย์คงเหลือ2567_1.pdf
2566,2023,11,2566-11,12060200,ครุภัณฑ์ยานพาหนะ,15,8,8421043.0,-5443177.67,2977865.33,2567-09-30,DOC-AST-2567,2. สินทรัพย์คงเหลือ2567_1.pdf
2566,2023,11,2566-11,12060300,ครุภัณฑ์ไฟฟ้า,16,12,359723.0,-48839.11,310883.89,2567-09-30,DOC-AST-2567,2. สินทรัพย์คงเหลือ2567_1.pdf
2566,2023,11,2566-11,12060400,ครุภัณฑ์โฆษณา,13,8,267984.0,-119901.97,148082.03,2567-09-30,DOC-AST-2567,2. สินทรัพย์คงเหลือ2567_1.pdf
2566,2023,11,2566-11,12060500,ครุภัณฑ์การเกษตร,8,4,27000.0,-20332.72,6667.28,2567-09-30,DOC-AST-2567,2. สินทรัพย์คงเหลือ2567_1.pdf
2566,2023,11,2566-11,12060600,ครุภัณฑ์โรงงาน,7,5,153600.0,-143161.54,10438.46,2567-09-30,DOC-AST-2567,2. สินทรัพย์คงเหลือ2567_1.pdf
2566,2023,11,2566-11,12060900,ครุภัณฑ์วิทยาศาสตร์,82,41,7630735.0,-4584528.71,3046206.29,2567-09-30,DOC-AST-2567,2. สินทรัพย์คงเหลือ2567_1.pdf
2566,2023,11,2566-11,12061000,ครุภัณฑ์คอมพิวเตอร์,77,53,1186611.9,-921388.7,265223.2,2567-09-30,DOC-AST-2567,2. สินทรัพย์คงเหลือ2567_1.pdf
2566,2023,11,2566-11,12061100,ครุภัณฑ์การศึกษา,5,3,154500.0,-114013.4,40486.6,2567-09-30,DOC-AST-2567,2. สินทรัพย์คงเหลือ2567_1.pdf
2566,2023,11,2566-11,12061200,ครุภัณฑ์งานบ้าน,13,11,113965.0,-100337.93,13627.07,2567-09-30,DOC-AST-2567,2. สินทรัพย์คงเหลือ2567_1.pdf
2566,2023,11,2566-11,12061300,ครุภัณฑ์กีฬา,12,6,432000.0,-431988.0,12.0,2567-09-30,DOC-AST-2567,2. สินทรัพย์คงเหลือ2567_1.pdf
2566,2023,11,2566-11,12061400,ครุภัณฑ์ดนตรี,6,3,44100.0,-23476.73,20623.27,2567-09-30,DOC-AST-2567,2. สินทรัพย์คงเหลือ2567_1.pdf
2566,2023,12,2566-12,12060100,ครุภัณฑ์สนง.,27,27,20355385.0,-2118108.53,18237276.47,2567-09-30,DOC-AST-2567,2. สินทรัพย์คงเหลือ2567_1.pdf
2566,2023,12,2566-12,12060200,ครุภัณฑ์ยานพาหนะ,2,2,101400.0,-10320.08,91079.92,2567-09-30,DOC-AST-2567,2. สินทรัพย์คงเหลือ2567_1.pdf
2566,2023,12,2566-12,12060300,ครุภัณฑ์ไฟฟ้า,1,1,47900.0,-3716.83,44183.17,2567-09-30,DOC-AST-2567,2. สินทรัพย์คงเหลือ2567_1.pdf
2566,2023,12,2566-12,12060400,ครุภัณฑ์โฆษณา,11,11,715593.0,-68116.53,647476.47,2567-09-30,DOC-AST-2567,2. สินทรัพย์คงเหลือ2567_1.pdf
2566,2023,12,2566-12,12060600,ครุภัณฑ์โรงงาน,11,11,152000.0,-24449.75,127550.25,2567-09-30,DOC-AST-2567,2. สินทรัพย์คงเหลือ2567_1.pdf
2566,2023,12,2566-12,12061000,ครุภัณฑ์คอมพิวเตอร์,8,8,4485000.0,-681327.85,3803672.15,2567-09-30,DOC-AST-2567,2. สินทรัพย์คงเหลือ2567_1.pdf
2566,2023,12,2566-12,12061200,ครุภัณฑ์งานบ้าน,5,5,66462.9,-10271.62,56191.28,2567-09-30,DOC-AST-2567,2. สินทรัพย์คงเหลือ2567_1.pdf
2567,2024,01,2567-01,12060100,ครุภัณฑ์สนง.,3,3,66700.0,-5644.3,61055.7,2567-09-30,DOC-AST-2567,2. สินทรัพย์คงเหลือ2567_1.pdf
2567,2024,01,2567-01,12060200,ครุภัณฑ์ยานพาหนะ,1,1,51000.0,-7775.41,43224.59,2567-09-30,DOC-AST-2567,2. สินทรัพย์คงเหลือ2567_1.pdf
2567,2024,01,2567-01,12061200,ครุภัณฑ์งานบ้าน,1,1,14600.0,-1994.54,12605.46,2567-09-30,DOC-AST-2567,2. สินทรัพย์คงเหลือ2567_1.pdf
2567,2024,02,2567-02,12060100,ครุภัณฑ์สนง.,117,81,3493104.0,-271830.69,3221273.31,2567-09-30,DOC-AST-2567,2. สินทรัพย์คงเหลือ2567_1.pdf
2567,2024,02,2567-02,12060300,ครุภัณฑ์ไฟฟ้า,3,3,124580.0,-7807.86,116772.14,2567-09-30,DOC-AST-2567,2. สินทรัพย์คงเหลือ2567_1.pdf
2567,2024,02,2567-02,12060400,ครุภัณฑ์โฆษณา,4,4,72880.0,-5600.42,67279.58,2567-09-30,DOC-AST-2567,2. สินทรัพย์คงเหลือ2567_1.pdf
2567,2024,02,2567-02,12061200,ครุภัณฑ์งานบ้าน,32,32,458560.0,-58522.7,400037.3,2567-09-30,DOC-AST-2567,2. สินทรัพย์คงเหลือ2567_1.pdf
2567,2024,03,2567-03,12060100,ครุภัณฑ์สนง.,296,296,6197436.4,-432687.41,5764748.99,2567-09-30,DOC-AST-2567,2. สินทรัพย์คงเหลือ2567_1.pdf
2567,2024,03,2567-03,12060300,ครุภัณฑ์ไฟฟ้า,55,55,1242325.0,-125789.02,1116535.98,2567-09-30,DOC-AST-2567,2. สินทรัพย์คงเหลือ2567_1.pdf
2567,2024,03,2567-03,12060400,ครุภัณฑ์โฆษณา,12,12,304740.8,-27435.89,277304.91,2567-09-30,DOC-AST-2567,2. สินทรัพย์คงเหลือ2567_1.pdf
2567,2024,03,2567-03,12061000,ครุภัณฑ์คอมพิวเตอร์,50,50,158352000.0,-19243509.5,139108490.5,2567-09-30,DOC-AST-2567,2. สินทรัพย์คงเหลือ2567_1.pdf
2567,2024,03,2567-03,12061200,ครุภัณฑ์งานบ้าน,16,16,544024.35,-111383.77,432640.58,2567-09-30,DOC-AST-2567,2. สินทรัพย์คงเหลือ2567_1.pdf
2567,2024,04,2567-04,12060100,ครุภัณฑ์สนง.,41,41,1569307.0,-92209.76,1477097.24,2567-09-30,DOC-AST-2567,2. สินทรัพย์คงเหลือ2567_1.pdf
2567,2024,04,2567-04,12060200,ครุภัณฑ์ยานพาหนะ,1,1,1622000.0,-85310.11,1536689.89,2567-09-30,DOC-AST-2567,2. สินทรัพย์คงเหลือ2567_1.pdf
2567,2024,04,2567-04,12060300,ครุภัณฑ์ไฟฟ้า,2,2,27000.0,-1231.96,25768.04,2567-09-30,DOC-AST-2567,2. สินทรัพย์คงเหลือ2567_1.pdf
2567,2024,04,2567-04,12060400,ครุภัณฑ์โฆษณา,4,4,77900.0,-4461.69,73438.31,2567-09-30,DOC-AST-2567,2. สินทรัพย์คงเหลือ2567_1.pdf
2567,2024,04,2567-04,12061000,ครุภัณฑ์คอมพิวเตอร์,9,5,363400.0,-107996.11,255403.89,2567-09-30,DOC-AST-2567,2. สินทรัพย์คงเหลือ2567_1.pdf
2567,2024,04,2567-04,12061200,ครุภัณฑ์งานบ้าน,16,16,186000.0,-20531.16,165468.84,2567-09-30,DOC-AST-2567,2. สินทรัพย์คงเหลือ2567_1.pdf
2567,2024,05,2567-05,12060100,ครุภัณฑ์สนง.,2327,1255,22385443.56,-19356977.68,3028465.88,2567-09-30,DOC-AST-2567,2. สินทรัพย์คงเหลือ2567_1.pdf
2567,2024,05,2567-05,12060200,ครุภัณฑ์ยานพาหนะ,74,73,86869850.0,-8304959.32,78564890.68,2567-09-30,DOC-AST-2567,2. สินทรัพย์คงเหลือ2567_1.pdf
2567,2024,05,2567-05,12060300,ครุภัณฑ์ไฟฟ้า,60,25,5726357.89,-3908994.66,1817363.23,2567-09-30,DOC-AST-2567,2. สินทรัพย์คงเหลือ2567_1.pdf
2567,2024,05,2567-05,12060400,ครุภัณฑ์โฆษณา,47,28,1010654.52,-581345.96,429308.56,2567-09-30,DOC-AST-2567,2. สินทรัพย์คงเหลือ2567_1.pdf
2567,2024,05,2567-05,12060500,ครุภัณฑ์การเกษตร,4,2,58000.0,-23903.03,34096.97,2567-09-30,DOC-AST-2567,2. สินทรัพย์คงเหลือ2567_1.pdf
2567,2024,05,2567-05,12060600,ครุภัณฑ์โรงงาน,18,9,168200.0,-157130.99,11069.01,2567-09-30,DOC-AST-2567,2. สินทรัพย์คงเหลือ2567_1.pdf
2567,2024,05,2567-05,12060900,ครุภัณฑ์วิทยาศาสตร์,74,37,4874448.4,-2485687.88,2388760.52,2567-09-30,DOC-AST-2567,2. สินทรัพย์คงเหลือ2567_1.pdf
2567,2024,05,2567-05,12061000,ครุภัณฑ์คอมพิวเตอร์,611,610,18042427.61,-2953434.48,15088993.13,2567-09-30,DOC-AST-2567,2. สินทรัพย์คงเหลือ2567_1.pdf
2567,2024,05,2567-05,12061100,ครุภัณฑ์การศึกษา,8,4,86500.0,-48524.03,37975.97,2567-09-30,DOC-AST-2567,2. สินทรัพย์คงเหลือ2567_1.pdf
2567,2024,05,2567-05,12061200,ครุภัณฑ์งานบ้าน,317,311,3798620.48,-3616993.47,181627.01,2567-09-30,DOC-AST-2567,2. สินทรัพย์คงเหลือ2567_1.pdf
2567,2024,05,2567-05,12061300,ครุภัณฑ์กีฬา,14,7,506250.0,-356082.64,150167.36,2567-09-30,DOC-AST-2567,2. สินทรัพย์คงเหลือ2567_1.pdf
2567,2024,05,2567-05,12061400,ครุภัณฑ์ดนตรี,6,4,59300.0,-51093.91,8206.09,2567-09-30,DOC-AST-2567,2. สินทรัพย์คงเหลือ2567_1.pdf
2567,2024,05,2567-05,12061500,ครุภัณฑ์สนาม,1,1,24610.0,-1869.28,22740.72,2567-09-30,DOC-AST-2567,2. สินทรัพย์คงเหลือ2567_1.pdf
2567,2024,06,2567-06,12060100,ครุภัณฑ์สนง.,11,11,1325700.0,-280688.19,1045011.81,2567-09-30,DOC-AST-2567,2. สินทรัพย์คงเหลือ2567_1.pdf
2567,2024,06,2567-06,12060200,ครุภัณฑ์ยานพาหนะ,1,1,1900000.0,-72028.69,1827971.31,2567-09-30,DOC-AST-2567,2. สินทรัพย์คงเหลือ2567_1.pdf
2567,2024,06,2567-06,12060400,ครุภัณฑ์โฆษณา,1,1,14980.0,-593.47,14386.53,2567-09-30,DOC-AST-2567,2. สินทรัพย์คงเหลือ2567_1.pdf
2567,2024,06,2567-06,12061000,ครุภัณฑ์คอมพิวเตอร์,11,11,76971188.0,-4025340.02,72945847.98,2567-09-30,DOC-AST-2567,2. สินทรัพย์คงเหลือ2567_1.pdf
2567,2024,06,2567-06,12061200,ครุภัณฑ์งานบ้าน,19,2,57475.0,-57456.0,19.0,2567-09-30,DOC-AST-2567,2. สินทรัพย์คงเหลือ2567_1.pdf
2567,2024,06,2567-06,12061300,ครุภัณฑ์กีฬา,1,1,60000.0,-3049.18,56950.82,2567-09-30,DOC-AST-2567,2. สินทรัพย์คงเหลือ2567_1.pdf
2567,2024,07,2567-07,12060100,ครุภัณฑ์สนง.,16,16,511810.64,-377869.79,133940.85,2567-09-30,DOC-AST-2567,2. สินทรัพย์คงเหลือ2567_1.pdf
2567,2024,07,2567-07,12060300,ครุภัณฑ์ไฟฟ้า,1,1,55540.0,-55539.0,1.0,2567-09-30,DOC-AST-2567,2. สินทรัพย์คงเหลือ2567_1.pdf
2567,2024,07,2567-07,12060400,ครุภัณฑ์โฆษณา,2,2,51000.0,-1358.61,49641.39,2567-09-30,DOC-AST-2567,2. สินทรัพย์คงเหลือ2567_1.pdf
2567,2024,07,2567-07,12060900,ครุภัณฑ์วิทยาศาสตร์,1,1,680000.0,-15560.11,664439.89,2567-09-30,DOC-AST-2567,2. สินทรัพย์คงเหลือ2567_1.pdf
2567,2024,07,2567-07,12061000,ครุภัณฑ์คอมพิวเตอร์,4,4,459858.5,-445848.21,14010.29,2567-09-30,DOC-AST-2567,2. สินทรัพย์คงเหลือ2567_1.pdf
2567,2024,07,2567-07,12061200,ครุภัณฑ์งานบ้าน,3,3,60000.0,-2371.05,57628.95,2567-09-30,DOC-AST-2567,2. สินทรัพย์คงเหลือ2567_1.pdf
2567,2024,08,2567-08,12060100,ครุภัณฑ์สนง.,2,2,133000.0,-2054.65,130945.35,2567-09-30,DOC-AST-2567,2. สินทรัพย์คงเหลือ2567_1.pdf
2567,2024,08,2567-08,12060200,ครุภัณฑ์ยานพาหนะ,8,8,7072700.0,-139184.08,6933515.92,2567-09-30,DOC-AST-2567,2. สินทรัพย์คงเหลือ2567_1.pdf
2567,2024,08,2567-08,12060300,ครุภัณฑ์ไฟฟ้า,4,4,174636.0,-44663.24,129972.76,2567-09-30,DOC-AST-2567,2. สินทรัพย์คงเหลือ2567_1.pdf
2567,2024,08,2567-08,12060600,ครุภัณฑ์โรงงาน,3,3,174850.0,-4012.94,170837.06,2567-09-30,DOC-AST-2567,2. สินทรัพย์คงเหลือ2567_1.pdf
2567,2024,08,2567-08,12060900,ครุภัณฑ์วิทยาศาสตร์,1,1,1300000.0,-25307.38,1274692.62,2567-09-30,DOC-AST-2567,2. สินทรัพย์คงเหลือ2567_1.pdf
2567,2024,08,2567-08,12061000,ครุภัณฑ์คอมพิวเตอร์,1,1,349034.0,-349033.0,1.0,2567-09-30,DOC-AST-2567,2. สินทรัพย์คงเหลือ2567_1.pdf
2567,2024,08,2567-08,12061200,ครุภัณฑ์งานบ้าน,3,3,59331.5,-1814.7,57516.8,2567-09-30,DOC-AST-2567,2. สินทรัพย์คงเหลือ2567_1.pdf
2567,2024,09,2567-09,12060100,ครุภัณฑ์สนง.,18,15,508900.0,-49847.96,459052.04,2567-09-30,DOC-AST-2567,2. สินทรัพย์คงเหลือ2567_1.pdf
2567,2024,09,2567-09,12060300,ครุภัณฑ์ไฟฟ้า,14,1,70000.0,-401.64,69598.36,2567-09-30,DOC-AST-2567,2. สินทรัพย์คงเหลือ2567_1.pdf
2567,2024,09,2567-09,12061000,ครุภัณฑ์คอมพิวเตอร์,2,2,346188.0,-320197.0,25991.0,2567-09-30,DOC-AST-2567,2. สินทรัพย์คงเหลือ2567_1.pdf
2567,2024,09,2567-09,12061200,ครุภัณฑ์งานบ้าน,2,1,15800.0,-15798.0,2.0,2567-09-30,DOC-AST-2567,2. สินทรัพย์คงเหลือ2567_1.pdf
