ปีงบประมาณ,วันที่รายงาน,ระดับสรุป,ระดับชั้น,แผนงาน,กลุ่มรายจ่าย,หมวดงบรายจ่าย,หมวดค่าใช้จ่าย,ชื่อกลุ่ม,จัดสรร,รวมเบิกจ่ายและผูกพัน,คงเหลือ,จำนวนรายการย่อยสุดภายใต้กลุ่ม,รหัสเอกสาร,ไฟล์ต้นทาง,หน้าอ้างอิง
2563,2564-01-31,แผนงาน,1,แผนงานบุคลากรภาครัฐ,,,,แผนงานบุคลากรภาครัฐ,1384310000.0,1250063212.04,134246787.96,13,DOC-BUD-2563,1.1ผลเบิกจ่ายปี 2563- final.pdf,1
2563,2564-01-31,หมวดงบรายจ่าย,3,แผนงานบุคลากรภาครัฐ,,งบบุคลากร,,งบบุคลากร,1336361180.0,1214171830.62,122189349.38,7,DOC-BUD-2563,1.1ผลเบิกจ่ายปี 2563- final.pdf,1
2563,2564-01-31,หมวดงบรายจ่าย,3,แผนงานบุคลากรภาครัฐ,,งบดำเนินงาน,,งบดำเนินงาน,47348820.0,35517401.42,11831418.58,5,DOC-BUD-2563,1.1ผลเบิกจ่ายปี 2563- final.pdf,1
2563,2564-01-31,หมวดค่าใช้จ่าย,4,แผนงานบุคลากรภาครัฐ,,งบดำเนินงาน,ค่าตอบแทน,- ค่าตอบแทน,3228000.0,2886225.0,341775.0,2,DOC-BUD-2563,1.1ผลเบิกจ่ายปี 2563- final.pdf,1
2563,2564-01-31,หมวดค่าใช้จ่าย,4,แผนงานบุคลากรภาครัฐ,,งบดำเนินงาน,ค่าใช้สอย,- ค่าใช้สอย,44120820.0,32631176.42,11489643.58,3,DOC-BUD-2563,1.1ผลเบิกจ่ายปี 2563- final.pdf,1
2563,2564-01-31,หมวดงบรายจ่าย,3,แผนงานบุคลากรภาครัฐ,,งบรายจ่ายอื่น,,งบรายจ่ายอื่น,600000.0,373980.0,226020.0,1,DOC-BUD-2563,1.1ผลเบิกจ่ายปี 2563- final.pdf,1
2563,2564-01-31,แผนงาน,1,แผนงานพื้นฐาน,,,,แผนงานพื้นฐาน,1935860750.0,1739980365.52,182469321.48,135,DOC-BUD-2563,1.1ผลเบิกจ่ายปี 2563- final.pdf,1
2563,2564-01-31,กลุ่มรายจ่าย,2,แผนงานพื้นฐาน,โครงการต่อเนื่อง,,,โครงการต่อเนื่อง,249119600.0,238988014.33,10131585.67,8,DOC-BUD-2563,1.1ผลเบิกจ่ายปี 2563- final.pdf,1
2563,2564-01-31,หมวดงบรายจ่าย,3,แผนงานพื้นฐาน,โครงการต่อเนื่อง,งบดำเนินงาน,,งบดำเนินงาน,148329000.0,144527412.73,3801587.27,3,DOC-BUD-2563,1.1ผลเบิกจ่ายปี 2563- final.pdf,1
2563,2564-01-31,หมวดค่าใช้จ่าย,4,แผนงานพื้นฐาน,โครงการต่อเนื่อง,งบดำเนินงาน,ค่าใช้สอย,- ค่าใช้สอย,85329000.0,85027412.73,301587.27,2,DOC-BUD-2563,1.1ผลเบิกจ่ายปี 2563- final.pdf,1
2563,2564-01-31,หมวดค่าใช้จ่าย,4,แผนงานพื้นฐาน,โครงการต่อเนื่อง,งบดำเนินงาน,ค่าสาธารณูปโภค,- ค่าสาธารณูปโภค,63000000.0,59500000.0,3500000.0,1,DOC-BUD-2563,1.1ผลเบิกจ่ายปี 2563- final.pdf,1
2563,2564-01-31,หมวดงบรายจ่าย,3,แผนงานพื้นฐาน,โครงการต่อเนื่อง,งบลงทุน,,งบลงทุน,15209800.0,10003620.0,5206180.0,1,DOC-BUD-2563,1.1ผลเบิกจ่ายปี 2563- final.pdf,1
2563,2564-01-31,หมวดงบรายจ่าย,3,แผนงานพื้นฐาน,โครงการต่อเนื่อง,งบรายจ่ายอื่น,,งบรายจ่ายอื่น,85580800.0,84456981.6,1123818.4,4,DOC-BUD-2563,1.1ผลเบิกจ่ายปี 2563- final.pdf,2
2563,2564-01-31,กลุ่มรายจ่าย,2,แผนงานพื้นฐาน,รายจ่ายเพื่อบริหารงานประจำ,,,รายจ่ายเพื่อบริหารงานประจำ,1686741150.0,1500992351.19,172337735.81,127,DOC-BUD-2563,1.1ผลเบิกจ่ายปี 2563- final.pdf,2
2563,2564-01-31,หมวดงบรายจ่าย,3,แผนงานพื้นฐาน,รายจ่ายเพื่อบริหารงานประจำ,งบดำเนินงาน,,งบดำเนินงาน,1506912750.0,1369156258.93,133448562.53,101,DOC-BUD-2563,1.1ผลเบิกจ่ายปี 2563- final.pdf,2
2563,2564-01-31,หมวดค่าใช้จ่าย,4,แผนงานพื้นฐาน,รายจ่ายเพื่อบริหารงานประจำ,งบดำเนินงาน,ค่าตอบแทน,- ค่าตอบแทน,265113650.0,239655202.95,28005287.05,15,DOC-BUD-2563,1.1ผลเบิกจ่ายปี 2563- final.pdf,2
2563,2564-01-31,หมวดค่าใช้จ่าย,4,แผนงานพื้นฐาน,รายจ่ายเพื่อบริหารงานประจำ,งบดำเนินงาน,ค่าใช้สอย -,- ค่าใช้สอย -,883481200.0,821090605.94,57124914.52,69,DOC-BUD-2563,1.1ผลเบิกจ่ายปี 2563- final.pdf,2
2563,2564-01-31,หมวดค่าใช้จ่าย,4,แผนงานพื้นฐาน,รายจ่ายเพื่อบริหารงานประจำ,งบดำเนินงาน,ค่าวัสดุ,- ค่าวัสดุ,155762500.0,136209096.14,18544634.86,11,DOC-BUD-2563,1.1ผลเบิกจ่ายปี 2563- final.pdf,4
2563,2564-01-31,หมวดค่าใช้จ่าย,4,แผนงานพื้นฐาน,รายจ่ายเพื่อบริหารงานประจำ,งบดำเนินงาน,ค่าสาธารณูปโภค,- ค่าสาธารณูปโภค,202555400.0,172201353.9,29773726.1,6,DOC-BUD-2563,1.1ผลเบิกจ่ายปี 2563- final.pdf,4
2563,2564-01-31,หมวดงบรายจ่าย,3,แผนงานพื้นฐาน,รายจ่ายเพื่อบริหารงานประจำ,งบลงทุน,,งบลงทุน,96595100.0,85468164.16,17289816.44,7,DOC-BUD-2563,1.1ผลเบิกจ่ายปี 2563- final.pdf,5
2563,2564-01-31,หมวดค่าใช้จ่าย,4,แผนงานพื้นฐาน,รายจ่ายเพื่อบริหารงานประจำ,งบลงทุน,รายการที่ดิน/อาคาร/สิ่งก่อสร้าง,รายการที่ดิน/อาคาร/สิ่งก่อสร้าง,12949000.0,4686830.0,11007790.0,4,DOC-BUD-2563,1.1ผลเบิกจ่ายปี 2563- final.pdf,5
2563,2564-01-31,หมวดงบรายจ่าย,3,แผนงานพื้นฐาน,รายจ่ายเพื่อบริหารงานประจำ,งบเงินอุดหนุน,,งบเงินอุดหนุน,2980000.0,1736120.96,1004839.04,2,DOC-BUD-2563,1.1ผลเบิกจ่ายปี 2563- final.pdf,5
2563,2564-01-31,หมวดงบรายจ่าย,3,แผนงานพื้นฐาน,รายจ่ายเพื่อบริหารงานประจำ,งบรายจ่ายอื่น,,งบรายจ่ายอื่น,80253300.0,44631807.14,20594517.8,17,DOC-BUD-2563,1.1ผลเบิกจ่ายปี 2563- final.pdf,5
2563,2564-01-31,แผนงาน,1,แผนงานยุทธศาสตร์,,,,แผนงานยุทธศาสตร์,1100345182.0,964754888.27,149001356.73,116,DOC-BUD-2563,1.1ผลเบิกจ่ายปี 2563- final.pdf,6
2563,2564-01-31,กลุ่มรายจ่าย,2,แผนงานยุทธศาสตร์,โครงการต่อเนื่อง,,,โครงการต่อเนื่อง,168298600.0,139895768.14,36404331.86,5,DOC-BUD-2563,1.1ผลเบิกจ่ายปี 2563- final.pdf,6
2563,2564-01-31,หมวดงบรายจ่าย,3,แผนงานยุทธศาสตร์,โครงการต่อเนื่อง,งบดำเนินงาน,,งบดำเนินงาน,158471600.0,129948308.14,36397991.86,4,DOC-BUD-2563,1.1ผลเบิกจ่ายปี 2563- final.pdf,6
2563,2564-01-31,หมวดงบรายจ่าย,3,แผนงานยุทธศาสตร์,โครงการต่อเนื่อง,งบรายจ่ายอื่น,,งบรายจ่ายอื่น,9827000.0,9947460.0,6340.0,1,DOC-BUD-2563,1.1ผลเบิกจ่ายปี 2563- final.pdf,6
2563,2564-01-31,กลุ่มรายจ่าย,2,แผนงานยุทธศาสตร์,รายจ่ายเพื่อบริหารงาน,,,รายจ่ายเพื่อบริหารงาน,932046582.0,824859120.13,112597024.87,111,DOC-BUD-2563,1.1ผลเบิกจ่ายปี 2563- final.pdf,6
2563,2564-01-31,หมวดงบรายจ่าย,3,แผนงานยุทธศาสตร์,รายจ่ายเพื่อบริหารงาน,งบดำเนินงาน,,งบดำเนินงาน,791870100.0,723568727.83,72027735.17,96,DOC-BUD-2563,1.1ผลเบิกจ่ายปี 2563- final.pdf,6
2563,2564-01-31,หมวดค่าใช้จ่าย,4,แผนงานยุทธศาสตร์,รายจ่ายเพื่อบริหารงาน,งบดำเนินงาน,ค่าตอบแทน,- ค่าตอบแทน,3250000.0,1110087.0,2139913.0,1,DOC-BUD-2563,1.1ผลเบิกจ่ายปี 2563- final.pdf,6
2563,2564-01-31,หมวดค่าใช้จ่าย,4,แผนงานยุทธศาสตร์,รายจ่ายเพื่อบริหารงาน,งบดำเนินงาน,ค่าใช้สอย,- ค่าใช้สอย,313158700.0,301990950.19,47330229.81,91,DOC-BUD-2563,1.1ผลเบิกจ่ายปี 2563- final.pdf,6
2563,2564-01-31,หมวดค่าใช้จ่าย,4,แผนงานยุทธศาสตร์,รายจ่ายเพื่อบริหารงาน,งบดำเนินงาน,ค่าวัสดุ,- ค่าวัสดุ,15287500.0,15206326.75,81173.25,1,DOC-BUD-2563,1.1ผลเบิกจ่ายปี 2563- final.pdf,9
2563,2564-01-31,หมวดค่าใช้จ่าย,4,แผนงานยุทธศาสตร์,รายจ่ายเพื่อบริหารงาน,งบดำเนินงาน,ค่าสาธารณูปโภค,- ค่าสาธารณูปโภค,460173900.0,405261363.89,22476419.11,3,DOC-BUD-2563,1.1ผลเบิกจ่ายปี 2563- final.pdf,9
2563,2564-01-31,หมวดงบรายจ่าย,3,แผนงานยุทธศาสตร์,รายจ่ายเพื่อบริหารงาน,งบลงทุน,,งบลงทุน,67602282.0,55464000.0,13888282.0,4,DOC-BUD-2563,1.1ผลเบิกจ่ายปี 2563- final.pdf,9
2563,2564-01-31,หมวดงบรายจ่าย,3,แผนงานยุทธศาสตร์,รายจ่ายเพื่อบริหารงาน,งบเงินอุดหนุน,,งบเงินอุดหนุน,34000000.0,26638818.3,7361181.7,1,DOC-BUD-2563,1.1ผลเบิกจ่ายปี 2563- final.pdf,9
2563,2564-01-31,หมวดงบรายจ่าย,3,แผนงานยุทธศาสตร์,รายจ่ายเพื่อบริหารงาน,งบรายจ่ายอื่น,,งบรายจ่ายอื่น,38574200.0,19187574.0,19319826.0,10,DOC-BUD-2563,1.1ผลเบิกจ่ายปี 2563- final.pdf,9
2564,2565-01-31,แผนงาน,1,แผนงานบุคลากรภาครัฐ,,,,แผนงานบุคลากรภาครัฐ,1439780700.0,1280870588.4,61231771.78,13,DOC-BUD-2564,1.2ผลเบิกจ่ายปี 2564 - final.pdf,1
2564,2565-01-31,หมวดงบรายจ่าย,3,แผนงานบุคลากรภาครัฐ,,งบบุคลากร,,งบบุคลากร,1393793600.0,1250969086.3,46037944.59,7,DOC-BUD-2564,1.2ผลเบิกจ่ายปี 2564 - final.pdf,1
2564,2565-01-31,หมวดงบรายจ่าย,3,แผนงานบุคลากรภาครัฐ,,งบดำเนินงาน,,งบดำเนินงาน,45387100.0,29569732.1,14925597.19,5,DOC-BUD-2564,1.2ผลเบิกจ่ายปี 2564 - final.pdf,1
2564,2565-01-31,หมวดค่าใช้จ่าย,4,แผนงานบุคลากรภาครัฐ,,งบดำเนินงาน,ค่าตอบแทน,- ค่าตอบแทน,3048000.0,2888129.1,159870.9,2,DOC-BUD-2564,1.2ผลเบิกจ่ายปี 2564 - final.pdf,1
2564,2565-01-31,หมวดค่าใช้จ่าย,4,แผนงานบุคลากรภาครัฐ,,งบดำเนินงาน,ค่าใช้สอย,- ค่าใช้สอย,42339100.0,26681603.0,14765726.29,3,DOC-BUD-2564,1.2ผลเบิกจ่ายปี 2564 - final.pdf,1
2564,2565-01-31,หมวดงบรายจ่าย,3,แผนงานบุคลากรภาครัฐ,,งบรายจ่ายอื่น,,งบรายจ่ายอื่น,600000.0,331770.0,268230.0,1,DOC-BUD-2564,1.2ผลเบิกจ่ายปี 2564 - final.pdf,1
2564,2565-01-31,แผนงาน,1,แผนงานพื้นฐาน,,,,แผนงานพื้นฐาน,2112925500.0,1819913785.65,270057797.06,134,DOC-BUD-2564,1.2ผลเบิกจ่ายปี 2564 - final.pdf,1
2564,2565-01-31,กลุ่มรายจ่าย,2,แผนงานพื้นฐาน,โครงการต่อเนื่อง,,,โครงการต่อเนื่อง,420874000.0,365074216.69,52104893.0,15,DOC-BUD-2564,1.2ผลเบิกจ่ายปี 2564 - final.pdf,1
2564,2565-01-31,หมวดงบรายจ่าย,3,แผนงานพื้นฐาน,โครงการต่อเนื่อง,งบดำเนินงาน,,งบดำเนินงาน,160114800.0,156205516.69,214393.0,4,DOC-BUD-2564,1.2ผลเบิกจ่ายปี 2564 - final.pdf,1
2564,2565-01-31,หมวดค่าใช้จ่าย,4,แผนงานพื้นฐาน,โครงการต่อเนื่อง,งบดำเนินงาน,ค่าใช้สอย,- ค่าใช้สอย,84514800.0,80605516.69,214393.0,3,DOC-BUD-2564,1.2ผลเบิกจ่ายปี 2564 - final.pdf,1
2564,2565-01-31,หมวดค่าใช้จ่าย,4,แผนงานพื้นฐาน,โครงการต่อเนื่อง,งบดำเนินงาน,ค่าสาธารณูปโภค,- ค่าสาธารณูปโภค,75600000.0,75600000.0,,1,DOC-BUD-2564,1.2ผลเบิกจ่ายปี 2564 - final.pdf,1
2564,2565-01-31,หมวดงบรายจ่าย,3,แผนงานพื้นฐาน,โครงการต่อเนื่อง,งบลงทุน,,งบลงทุน,238018800.0,191408300.0,46610500.0,6,DOC-BUD-2564,1.2ผลเบิกจ่ายปี 2564 - final.pdf,1
2564,2565-01-31,หมวดงบรายจ่าย,3,แผนงานพื้นฐาน,โครงการต่อเนื่อง,งบรายจ่ายอื่น,,งบรายจ่ายอื่น,22740400.0,17460400.0,5280000.0,5,DOC-BUD-2564,1.2ผลเบิกจ่ายปี 2564 - final.pdf,2
2564,2565-01-31,กลุ่มรายจ่าย,2,แผนงานพื้นฐาน,รายจ่ายเพื่อบริหารงานประจำ,,,รายจ่ายเพื่อบริหารงานประจำ,1692051500.0,1454839568.96,217952904.06,119,DOC-BUD-2564,1.2ผลเบิกจ่ายปี 2564 - final.pdf,2
2564,2565-01-31,หมวดงบรายจ่าย,3,แผนงานพื้นฐาน,รายจ่ายเพื่อบริหารงานประจำ,งบดำเนินงาน,,งบดำเนินงาน,1570831100.0,1347109686.69,201477614.2,103,DOC-BUD-2564,1.2ผลเบิกจ่ายปี 2564 - final.pdf,2
2564,2565-01-31,หมวดค่าใช้จ่าย,4,แผนงานพื้นฐาน,รายจ่ายเพื่อบริหารงานประจำ,งบดำเนินงาน,ค่าตอบแทน,- ค่าตอบแทน,268865400.0,202385303.51,55821283.72,14,DOC-BUD-2564,1.2ผลเบิกจ่ายปี 2564 - final.pdf,2
2564,2565-01-31,หมวดค่าใช้จ่าย,4,แผนงานพื้นฐาน,รายจ่ายเพื่อบริหารงานประจำ,งบดำเนินงาน,ค่าใช้สอย,- ค่าใช้สอย,893188200.0,786809226.3,91985980.16,70,DOC-BUD-2564,1.2ผลเบิกจ่ายปี 2564 - final.pdf,2
2564,2565-01-31,หมวดค่าใช้จ่าย,4,แผนงานพื้นฐาน,รายจ่ายเพื่อบริหารงานประจำ,งบดำเนินงาน,ค่าวัสดุ,- ค่าวัสดุ,154634100.0,139164103.34,15778975.86,12,DOC-BUD-2564,1.2ผลเบิกจ่ายปี 2564 - final.pdf,4
2564,2565-01-31,หมวดค่าใช้จ่าย,4,แผนงานพื้นฐาน,รายจ่ายเพื่อบริหารงานประจำ,งบดำเนินงาน,ค่าสาธารณูปโภค,- ค่าสาธารณูปโภค,254143400.0,218751053.54,37891374.46,7,DOC-BUD-2564,1.2ผลเบิกจ่ายปี 2564 - final.pdf,5
2564,2565-01-31,หมวดงบรายจ่าย,3,แผนงานพื้นฐาน,รายจ่ายเพื่อบริหารงานประจำ,งบลงทุน,,งบลงทุน,71537400.0,60230028.53,15632143.6,3,DOC-BUD-2564,1.2ผลเบิกจ่ายปี 2564 - final.pdf,5
2564,2565-01-31,หมวดค่าใช้จ่าย,4,แผนงานพื้นฐาน,รายจ่ายเพื่อบริหารงานประจำ,งบลงทุน,รายการที่ดิน/อาคาร/สิ่งก่อสร้าง,รายการที่ดิน/อาคาร/สิ่งก่อสร้าง,6380000.0,2839071.3,6264808.7,1,DOC-BUD-2564,1.2ผลเบิกจ่ายปี 2564 - final.pdf,5
2564,2565-01-31,หมวดงบรายจ่าย,3,แผนงานพื้นฐาน,รายจ่ายเพื่อบริหารงานประจำ,งบเงินอุดหนุน,,งบเงินอุดหนุน,3000000.0,1743300.24,256699.76,2,DOC-BUD-2564,1.2ผลเบิกจ่ายปี 2564 - final.pdf,5
2564,2565-01-31,หมวดงบรายจ่าย,3,แผนงานพื้นฐาน,รายจ่ายเพื่อบริหารงานประจำ,งบรายจ่ายอื่น,,งบรายจ่ายอื่น,46683000.0,45756553.5,586446.5,11,DOC-BUD-2564,1.2ผลเบิกจ่ายปี 2564 - final.pdf,5
2564,2565-01-31,แผนงาน,1,แผนงานยุทธศาสตร์,,,,แผนงานยุทธศาสตร์,2246003800.0,2182939798.07,183696259.04,113,DOC-BUD-2564,1.2ผลเบิกจ่ายปี 2564 - final.pdf,5
2564,2565-01-31,กลุ่มรายจ่าย,2,แผนงานยุทธศาสตร์,โครงการต่อเนื่อง,,,โครงการต่อเนื่อง,513367200.0,397638788.79,43036524.25,8,DOC-BUD-2564,1.2ผลเบิกจ่ายปี 2564 - final.pdf,5
2564,2565-01-31,หมวดงบรายจ่าย,3,แผนงานยุทธศาสตร์,โครงการต่อเนื่อง,งบดำเนินงาน,,งบดำเนินงาน,93629100.0,85112688.79,83.25,2,DOC-BUD-2564,1.2ผลเบิกจ่ายปี 2564 - final.pdf,5
2564,2565-01-31,หมวดงบรายจ่าย,3,แผนงานยุทธศาสตร์,โครงการต่อเนื่อง,งบลงทุน,,งบลงทุน,410039000.0,302539000.0,43036441.0,4,DOC-BUD-2564,1.2ผลเบิกจ่ายปี 2564 - final.pdf,6
2564,2565-01-31,หมวดงบรายจ่าย,3,แผนงานยุทธศาสตร์,โครงการต่อเนื่อง,งบรายจ่ายอื่น,,งบรายจ่ายอื่น,9699100.0,9987100.0,,2,DOC-BUD-2564,1.2ผลเบิกจ่ายปี 2564 - final.pdf,6
2564,2565-01-31,กลุ่มรายจ่าย,2,แผนงานยุทธศาสตร์,รายจ่ายเพื่อบริหารงาน,,,รายจ่ายเพื่อบริหารงาน,1732636600.0,1785301009.28,140659734.79,105,DOC-BUD-2564,1.2ผลเบิกจ่ายปี 2564 - final.pdf,6
2564,2565-01-31,หมวดงบรายจ่าย,3,แผนงานยุทธศาสตร์,รายจ่ายเพื่อบริหารงาน,งบดำเนินงาน,,งบดำเนินงาน,1023715400.0,1107827829.28,128261639.79,91,DOC-BUD-2564,1.2ผลเบิกจ่ายปี 2564 - final.pdf,6
2564,2565-01-31,หมวดค่าใช้จ่าย,4,แผนงานยุทธศาสตร์,รายจ่ายเพื่อบริหารงาน,งบดำเนินงาน,ค่าตอบแทน,- ค่าตอบแทน,1560000.0,1886752.0,1465686.0,1,DOC-BUD-2564,1.2ผลเบิกจ่ายปี 2564 - final.pdf,6
2564,2565-01-31,หมวดค่าใช้จ่าย,4,แผนงานยุทธศาสตร์,รายจ่ายเพื่อบริหารงาน,งบดำเนินงาน,ค่าใช้สอย,- ค่าใช้สอย,582709000.0,501887439.97,82222687.34,86,DOC-BUD-2564,1.2ผลเบิกจ่ายปี 2564 - final.pdf,6
2564,2565-01-31,หมวดค่าใช้จ่าย,4,แผนงานยุทธศาสตร์,รายจ่ายเพื่อบริหารงาน,งบดำเนินงาน,ค่าวัสดุ,- ค่าวัสดุ,20092500.0,16531451.12,3073906.64,1,DOC-BUD-2564,1.2ผลเบิกจ่ายปี 2564 - final.pdf,8
2564,2565-01-31,หมวดค่าใช้จ่าย,4,แผนงานยุทธศาสตร์,รายจ่ายเพื่อบริหารงาน,งบดำเนินงาน,ค่าสาธารณูปโภค,- ค่าสาธารณูปโภค,419353900.0,587522186.19,41499359.81,3,DOC-BUD-2564,1.2ผลเบิกจ่ายปี 2564 - final.pdf,8
2564,2565-01-31,หมวดงบรายจ่าย,3,แผนงานยุทธศาสตร์,รายจ่ายเพื่อบริหารงาน,งบลงทุน,,งบลงทุน,659759500.0,655143775.0,,7,DOC-BUD-2564,1.2ผลเบิกจ่ายปี 2564 - final.pdf,9
2564,2565-01-31,หมวดงบรายจ่าย,3,แผนงานยุทธศาสตร์,รายจ่ายเพื่อบริหารงาน,งบเงินอุดหนุน,,งบเงินอุดหนุน,34000000.0,12126305.0,8273695.0,1,DOC-BUD-2564,1.2ผลเบิกจ่ายปี 2564 - final.pdf,9
2564,2565-01-31,หมวดงบรายจ่าย,3,แผนงานยุทธศาสตร์,รายจ่ายเพื่อบริหารงาน,งบรายจ่ายอื่น,,งบรายจ่ายอื่น,15161700.0,10203100.0,4124400.0,6,DOC-BUD-2564,1.2ผลเบิกจ่ายปี 2564 - final.pdf,9
2565,2565-12-31,แผนงาน,1,แผนงานบุคลากรภาครัฐ,,,,แผนงานบุคลากรภาครัฐ,1501236300.0,1486052357.28,15133686.85,14,DOC-BUD-2565,1.3ผลเบิกจ่ายปี 2565 - final.pdf,1
2565,2565-12-31,หมวดงบรายจ่าย,3,แผนงานบุคลากรภาครัฐ,,งบบุคลากร,,งบบุคลากร,1342189400.0,1346569434.93,3088509.2,7,DOC-BUD-2565,1.3ผลเบิกจ่ายปี 2565 - final.pdf,1
2565,2565-12-31,หมวดงบรายจ่าย,3,แผนงานบุคลากรภาครัฐ,,งบดำเนินงาน,,งบดำเนินงาน,158446900.0,139258672.35,11669427.65,6,DOC-BUD-2565,1.3ผลเบิกจ่ายปี 2565 - final.pdf,1
2565,2565-12-31,หมวดค่าใช้จ่าย,4,แผนงานบุคลากรภาครัฐ,,งบดำเนินงาน,ค่าตอบแทน,- ค่าตอบแทน,116094000.0,110408460.35,5685539.65,3,DOC-BUD-2565,1.3ผลเบิกจ่ายปี 2565 - final.pdf,1
2565,2565-12-31,หมวดค่าใช้จ่าย,4,แผนงานบุคลากรภาครัฐ,,งบดำเนินงาน,ค่าใช้สอย,- ค่าใช้สอย,42352900.0,28850212.0,5983888.0,3,DOC-BUD-2565,1.3ผลเบิกจ่ายปี 2565 - final.pdf,1
2565,2565-12-31,หมวดงบรายจ่าย,3,แผนงานบุคลากรภาครัฐ,,งบรายจ่ายอื่น,,งบรายจ่ายอื่น,600000.0,224250.0,375750.0,1,DOC-BUD-2565,1.3ผลเบิกจ่ายปี 2565 - final.pdf,1
2565,2565-12-31,แผนงาน,1,แผนงานพื้นฐาน,,,,แผนงานพื้นฐาน,1950795400.0,1841830111.08,102150878.46,131,DOC-BUD-2565,1.3ผลเบิกจ่ายปี 2565 - final.pdf,1
2565,2565-12-31,กลุ่มรายจ่าย,2,แผนงานพื้นฐาน,โครงการต่อเนื่อง,,,โครงการต่อเนื่อง,466920900.0,453049916.0,13866100.0,14,DOC-BUD-2565,1.3ผลเบิกจ่ายปี 2565 - final.pdf,1
2565,2565-12-31,หมวดงบรายจ่าย,3,แผนงานพื้นฐาน,โครงการต่อเนื่อง,งบดำเนินงาน,,งบดำเนินงาน,245464800.0,245459916.0,,3,DOC-BUD-2565,1.3ผลเบิกจ่ายปี 2565 - final.pdf,1
2565,2565-12-31,หมวดค่าใช้จ่าย,4,แผนงานพื้นฐาน,โครงการต่อเนื่อง,งบดำเนินงาน,ค่าใช้สอย,- ค่าใช้สอย,96514800.0,96509916.0,,2,DOC-BUD-2565,1.3ผลเบิกจ่ายปี 2565 - final.pdf,1
2565,2565-12-31,หมวดค่าใช้จ่าย,4,แผนงานพื้นฐาน,โครงการต่อเนื่อง,งบดำเนินงาน,ค่าสาธารณูปโภค,- ค่าสาธารณูปโภค,148950000.0,148950000.0,,1,DOC-BUD-2565,1.3ผลเบิกจ่ายปี 2565 - final.pdf,1
2565,2565-12-31,หมวดงบรายจ่าย,3,แผนงานพื้นฐาน,โครงการต่อเนื่อง,งบลงทุน,,งบลงทุน,195891600.0,182196600.0,13695000.0,6,DOC-BUD-2565,1.3ผลเบิกจ่ายปี 2565 - final.pdf,2
2565,2565-12-31,หมวดงบรายจ่าย,3,แผนงานพื้นฐาน,โครงการต่อเนื่อง,งบรายจ่ายอื่น,,งบรายจ่ายอื่น,25564500.0,25393400.0,171100.0,5,DOC-BUD-2565,1.3ผลเบิกจ่ายปี 2565 - final.pdf,2
2565,2565-12-31,กลุ่มรายจ่าย,2,แผนงานพื้นฐาน,รายจ่ายเพื่อบริหารงานประจำ,,,รายจ่ายเพื่อบริหารงานประจำ,1483874500.0,1388780195.08,88284778.46,117,DOC-BUD-2565,1.3ผลเบิกจ่ายปี 2565 - final.pdf,2
2565,2565-12-31,หมวดงบรายจ่าย,3,แผนงานพื้นฐาน,รายจ่ายเพื่อบริหารงานประจำ,งบดำเนินงาน,,งบดำเนินงาน,1365623000.0,1238651425.15,75176865.53,95,DOC-BUD-2565,1.3ผลเบิกจ่ายปี 2565 - final.pdf,2
2565,2565-12-31,หมวดค่าใช้จ่าย,4,แผนงานพื้นฐาน,รายจ่ายเพื่อบริหารงานประจำ,งบดำเนินงาน,ค่าตอบแทน,- ค่าตอบแทน,157518250.0,130586316.0,16843447.17,13,DOC-BUD-2565,1.3ผลเบิกจ่ายปี 2565 - final.pdf,2
2565,2565-12-31,หมวดค่าใช้จ่าย,4,แผนงานพื้นฐาน,รายจ่ายเพื่อบริหารงานประจำ,งบดำเนินงาน,ค่าใช้สอย,- ค่าใช้สอย,853598950.0,786343531.67,34902277.94,65,DOC-BUD-2565,1.3ผลเบิกจ่ายปี 2565 - final.pdf,2
2565,2565-12-31,หมวดค่าใช้จ่าย,4,แผนงานพื้นฐาน,รายจ่ายเพื่อบริหารงานประจำ,งบดำเนินงาน,ค่าวัสดุ,- ค่าวัสดุ,153604700.0,145109383.35,4436116.78,11,DOC-BUD-2565,1.3ผลเบิกจ่ายปี 2565 - final.pdf,4
2565,2565-12-31,หมวดค่าใช้จ่าย,4,แผนงานพื้นฐาน,รายจ่ายเพื่อบริหารงานประจำ,งบดำเนินงาน,ค่าสาธารณูปโภค,- ค่าสาธารณูปโภค,200901100.0,176612194.13,18995023.64,6,DOC-BUD-2565,1.3ผลเบิกจ่ายปี 2565 - final.pdf,4
2565,2565-12-31,หมวดงบรายจ่าย,3,แผนงานพื้นฐาน,รายจ่ายเพื่อบริหารงานประจำ,งบลงทุน,,งบลงทุน,72489400.0,68903315.3,5369190.45,5,DOC-BUD-2565,1.3ผลเบิกจ่ายปี 2565 - final.pdf,5
2565,2565-12-31,หมวดค่าใช้จ่าย,4,แผนงานพื้นฐาน,รายจ่ายเพื่อบริหารงานประจำ,งบลงทุน,รายการที่ดิน/อาคาร/สิ่งก่อสร้าง,รายการที่ดิน/อาคาร/สิ่งก่อสร้าง,17971200.0,19173386.96,1097866.0,4,DOC-BUD-2565,1.3ผลเบิกจ่ายปี 2565 - final.pdf,5
2565,2565-12-31,หมวดงบรายจ่าย,3,แผนงานพื้นฐาน,รายจ่ายเพื่อบริหารงานประจำ,งบเงินอุดหนุน,,งบเงินอุดหนุน,3000000.0,2000843.28,0.0,2,DOC-BUD-2565,1.3ผลเบิกจ่ายปี 2565 - final.pdf,5
2565,2565-12-31,หมวดงบรายจ่าย,3,แผนงานพื้นฐาน,รายจ่ายเพื่อบริหารงานประจำ,งบรายจ่ายอื่น,,งบรายจ่ายอื่น,42762100.0,79224611.35,7738722.48,15,DOC-BUD-2565,1.3ผลเบิกจ่ายปี 2565 - final.pdf,5
2565,2565-12-31,แผนงาน,1,แผนงานยุทธศาสตร์,,,,แผนงานยุทธศาสตร์,2076432050.0,2004585610.89,78711105.44,109,DOC-BUD-2565,1.3ผลเบิกจ่ายปี 2565 - final.pdf,6
2565,2565-12-31,กลุ่มรายจ่าย,2,แผนงานยุทธศาสตร์,โครงการต่อเนื่อง,,,โครงการต่อเนื่อง,627162330.0,627829869.9,1075960.1,16,DOC-BUD-2565,1.3ผลเบิกจ่ายปี 2565 - final.pdf,6
2565,2565-12-31,หมวดงบรายจ่าย,3,แผนงานยุทธศาสตร์,โครงการต่อเนื่อง,งบดำเนินงาน,,งบดำเนินงาน,195776700.0,195776700.0,,3,DOC-BUD-2565,1.3ผลเบิกจ่ายปี 2565 - final.pdf,6
2565,2565-12-31,หมวดงบรายจ่าย,3,แผนงานยุทธศาสตร์,โครงการต่อเนื่อง,งบลงทุน,,งบลงทุน,415847130.0,415847129.9,0.1,9,DOC-BUD-2565,1.3ผลเบิกจ่ายปี 2565 - final.pdf,6
2565,2565-12-31,หมวดงบรายจ่าย,3,แผนงานยุทธศาสตร์,โครงการต่อเนื่อง,งบรายจ่ายอื่น,,งบรายจ่ายอื่น,15538500.0,16206040.0,1075960.0,4,DOC-BUD-2565,1.3ผลเบิกจ่ายปี 2565 - final.pdf,6
2565,2565-12-31,กลุ่มรายจ่าย,2,แผนงานยุทธศาสตร์,รายจ่ายเพื่อบริหารงาน,,,รายจ่ายเพื่อบริหารงาน,1449269720.0,1376755740.99,77635145.34,93,DOC-BUD-2565,1.3ผลเบิกจ่ายปี 2565 - final.pdf,6
2565,2565-12-31,หมวดงบรายจ่าย,3,แผนงานยุทธศาสตร์,รายจ่ายเพื่อบริหารงาน,งบดำเนินงาน,,งบดำเนินงาน,852814320.0,798204262.26,66526383.34,78,DOC-BUD-2565,1.3ผลเบิกจ่ายปี 2565 - final.pdf,6
2565,2565-12-31,หมวดค่าใช้จ่าย,4,แผนงานยุทธศาสตร์,รายจ่ายเพื่อบริหารงาน,งบดำเนินงาน,ค่าตอบแทน,- ค่าตอบแทน,1560000.0,519116.0,1028209.0,1,DOC-BUD-2565,1.3ผลเบิกจ่ายปี 2565 - final.pdf,6
2565,2565-12-31,หมวดค่าใช้จ่าย,4,แผนงานยุทธศาสตร์,รายจ่ายเพื่อบริหารงาน,งบดำเนินงาน,ค่าใช้สอย,- ค่าใช้สอย,380392520.0,334216838.11,28252063.65,73,DOC-BUD-2565,1.3ผลเบิกจ่ายปี 2565 - final.pdf,6
2565,2565-12-31,หมวดค่าใช้จ่าย,4,แผนงานยุทธศาสตร์,รายจ่ายเพื่อบริหารงาน,งบดำเนินงาน,ค่าวัสดุ,- ค่าวัสดุ,20636500.0,20612168.42,1159.34,1,DOC-BUD-2565,1.3ผลเบิกจ่ายปี 2565 - final.pdf,8
2565,2565-12-31,หมวดค่าใช้จ่าย,4,แผนงานยุทธศาสตร์,รายจ่ายเพื่อบริหารงาน,งบดำเนินงาน,ค่าสาธารณูปโภค,- ค่าสาธารณูปโภค,450225300.0,442856139.73,37244951.35,3,DOC-BUD-2565,1.3ผลเบิกจ่ายปี 2565 - final.pdf,8
2565,2565-12-31,หมวดงบรายจ่าย,3,แผนงานยุทธศาสตร์,รายจ่ายเพื่อบริหารงาน,งบลงทุน,,งบลงทุน,543803100.0,533873100.0,8153300.0,7,DOC-BUD-2565,1.3ผลเบิกจ่ายปี 2565 - final.pdf,9
2565,2565-12-31,หมวดค่าใช้จ่าย,4,แผนงานยุทธศาสตร์,รายจ่ายเพื่อบริหารงาน,งบลงทุน,ค่าพัฒนา/ปรับปรุงระบบงาน,ค่าพัฒนา/ปรับปรุงระบบงาน,408894700.0,407118000.0,,4,DOC-BUD-2565,1.3ผลเบิกจ่ายปี 2565 - final.pdf,9
2565,2565-12-31,หมวดงบรายจ่าย,3,แผนงานยุทธศาสตร์,รายจ่ายเพื่อบริหารงาน,งบเงินอุดหนุน,,งบเงินอุดหนุน,34000000.0,28731377.73,2711027.0,1,DOC-BUD-2565,1.3ผลเบิกจ่ายปี 2565 - final.pdf,9
2565,2565-12-31,หมวดงบรายจ่าย,3,แผนงานยุทธศาสตร์,รายจ่ายเพื่อบริหารงาน,งบรายจ่ายอื่น,,งบรายจ่ายอื่น,18652300.0,15947001.0,244435.0,7,DOC-BUD-2565,1.3ผลเบิกจ่ายปี 2565 - final.pdf,9
2566,2567-02-29,แผนงาน,1,แผนงานบุคลากรภาครัฐ,,,,แผนงานบุคลากรภาครัฐ,1640125800.0,1571833230.43,67632569.57,14,DOC-BUD-2566,1.4ผลเบิกจ่ายปี 2566  final.pdf,1
2566,2567-02-29,หมวดงบรายจ่าย,3,แผนงานบุคลากรภาครัฐ,,งบบุคลากร,,งบบุคลากร,1473957200.0,1411937462.62,61359737.38,7,DOC-BUD-2566,1.4ผลเบิกจ่ายปี 2566  final.pdf,1
2566,2567-02-29,หมวดงบรายจ่าย,3,แผนงานบุคลากรภาครัฐ,,งบดำเนินงาน,,งบดำเนินงาน,165568600.0,159388167.81,6180432.19,6,DOC-BUD-2566,1.4ผลเบิกจ่ายปี 2566  final.pdf,1
2566,2567-02-29,หมวดค่าใช้จ่าย,4,แผนงานบุคลากรภาครัฐ,,งบดำเนินงาน,ค่าตอบแทน,- ค่าตอบแทน,123284500.0,119054728.81,4229771.19,3,DOC-BUD-2566,1.4ผลเบิกจ่ายปี 2566  final.pdf,1
2566,2567-02-29,หมวดค่าใช้จ่าย,4,แผนงานบุคลากรภาครัฐ,,งบดำเนินงาน,ค่าใช้สอย,- ค่าใช้สอย,42284100.0,40333439.0,1950661.0,3,DOC-BUD-2566,1.4ผลเบิกจ่ายปี 2566  final.pdf,1
2566,2567-02-29,หมวดงบรายจ่าย,3,แผนงานบุคลากรภาครัฐ,,งบรายจ่ายอื่น,,งบรายจ่ายอื่น,600000.0,507600.0,92400.0,1,DOC-BUD-2566,1.4ผลเบิกจ่ายปี 2566  final.pdf,1
2566,2567-02-29,แผนงาน,1,แผนงานพื้นฐาน,,,,แผนงานพื้นฐาน,1808776780.0,1784514161.93,51310988.72,140,DOC-BUD-2566,1.4ผลเบิกจ่ายปี 2566  final.pdf,1
2566,2567-02-29,กลุ่มรายจ่าย,2,แผนงานพื้นฐาน,โครงการต่อเนื่อง,,,โครงการต่อเนื่อง,266024850.0,271142661.0,162189.0,14,DOC-BUD-2566,1.4ผลเบิกจ่ายปี 2566  final.pdf,1
2566,2567-02-29,หมวดงบรายจ่าย,3,แผนงานพื้นฐาน,โครงการต่อเนื่อง,งบดำเนินงาน,,งบดำเนินงาน,209826000.0,209663811.0,162189.0,3,DOC-BUD-2566,1.4ผลเบิกจ่ายปี 2566  final.pdf,1
2566,2567-02-29,หมวดค่าใช้จ่าย,4,แผนงานพื้นฐาน,โครงการต่อเนื่อง,งบดำเนินงาน,ค่าใช้สอย,- ค่าใช้สอย,60126000.0,60123578.0,2422.0,2,DOC-BUD-2566,1.4ผลเบิกจ่ายปี 2566  final.pdf,1
2566,2567-02-29,หมวดค่าใช้จ่าย,4,แผนงานพื้นฐาน,โครงการต่อเนื่อง,งบดำเนินงาน,ค่าสาธารณูปโภค,- ค่าสาธารณูปโภค,149700000.0,149540233.0,159767.0,1,DOC-BUD-2566,1.4ผลเบิกจ่ายปี 2566  final.pdf,1
2566,2567-02-29,หมวดงบรายจ่าย,3,แผนงานพื้นฐาน,โครงการต่อเนื่อง,งบลงทุน,,งบลงทุน,36761350.0,36761350.0,,5,DOC-BUD-2566,1.4ผลเบิกจ่ายปี 2566  final.pdf,2
2566,2567-02-29,หมวดงบรายจ่าย,3,แผนงานพื้นฐาน,โครงการต่อเนื่อง,งบรายจ่ายอื่น,,งบรายจ่ายอื่น,19437500.0,24717500.0,,6,DOC-BUD-2566,1.4ผลเบิกจ่ายปี 2566  final.pdf,2
2566,2567-02-29,กลุ่มรายจ่าย,2,แผนงานพื้นฐาน,รายจ่ายเพื่อบริหารงานประจำ,,,รายจ่ายเพื่อบริหารงานประจำ,1542751930.0,1513371500.93,51148799.72,126,DOC-BUD-2566,1.4ผลเบิกจ่ายปี 2566  final.pdf,2
2566,2567-02-29,หมวดงบรายจ่าย,3,แผนงานพื้นฐาน,รายจ่ายเพื่อบริหารงานประจำ,งบดำเนินงาน,,งบดำเนินงาน,1328347630.0,1280311318.4,40833178.9,103,DOC-BUD-2566,1.4ผลเบิกจ่ายปี 2566  final.pdf,2
2566,2567-02-29,หมวดค่าใช้จ่าย,4,แผนงานพื้นฐาน,รายจ่ายเพื่อบริหารงานประจำ,งบดำเนินงาน,ค่าตอบแทน,- ค่าตอบแทน,154273430.0,141597761.45,7796296.55,12,DOC-BUD-2566,1.4ผลเบิกจ่ายปี 2566  final.pdf,2
2566,2567-02-29,หมวดค่าใช้จ่าย,4,แผนงานพื้นฐาน,รายจ่ายเพื่อบริหารงานประจำ,งบดำเนินงาน,ค่าใช้สอย,- ค่าใช้สอย,839133700.0,799176515.6,26566243.24,74,DOC-BUD-2566,1.4ผลเบิกจ่ายปี 2566  final.pdf,2
2566,2567-02-29,หมวดค่าใช้จ่าย,4,แผนงานพื้นฐาน,รายจ่ายเพื่อบริหารงานประจำ,งบดำเนินงาน,ค่าวัสดุ,- ค่าวัสดุ,147374400.0,143251564.31,2885199.52,11,DOC-BUD-2566,1.4ผลเบิกจ่ายปี 2566  final.pdf,4
2566,2567-02-29,หมวดค่าใช้จ่าย,4,แผนงานพื้นฐาน,รายจ่ายเพื่อบริหารงานประจำ,งบดำเนินงาน,ค่าสาธารณูปโภค,- ค่าสาธารณูปโภค,187566100.0,196285477.04,3585439.59,6,DOC-BUD-2566,1.4ผลเบิกจ่ายปี 2566  final.pdf,5
2566,2567-02-29,หมวดงบรายจ่าย,3,แผนงานพื้นฐาน,รายจ่ายเพื่อบริหารงานประจำ,งบลงทุน,,งบลงทุน,141740500.0,141719755.25,5800695.35,6,DOC-BUD-2566,1.4ผลเบิกจ่ายปี 2566  final.pdf,5
2566,2567-02-29,หมวดค่าใช้จ่าย,4,แผนงานพื้นฐาน,รายจ่ายเพื่อบริหารงานประจำ,งบลงทุน,รายการที่ดิน/อาคาร/สิ่งก่อสร้าง,รายการที่ดิน/อาคาร/สิ่งก่อสร้าง,25989600.0,28103874.04,1966049.96,5,DOC-BUD-2566,1.4ผลเบิกจ่ายปี 2566  final.pdf,5
2566,2567-02-29,หมวดงบรายจ่าย,3,แผนงานพื้นฐาน,รายจ่ายเพื่อบริหารงานประจำ,งบเงินอุดหนุน,,งบเงินอุดหนุน,3200000.0,2942677.52,25875.23,2,DOC-BUD-2566,1.4ผลเบิกจ่ายปี 2566  final.pdf,5
2566,2567-02-29,หมวดงบรายจ่าย,3,แผนงานพื้นฐาน,รายจ่ายเพื่อบริหารงานประจำ,งบรายจ่ายอื่น,,งบรายจ่ายอื่น,69463800.0,88397749.76,4489050.24,15,DOC-BUD-2566,1.4ผลเบิกจ่ายปี 2566  final.pdf,5
2566,2567-02-29,แผนงาน,1,แผนงานยุทธศาสตร์,,,,แผนงานยุทธศาสตร์,3489585180.0,3257280831.35,205915978.0,116,DOC-BUD-2566,1.4ผลเบิกจ่ายปี 2566  final.pdf,6
2566,2567-02-29,กลุ่มรายจ่าย,2,แผนงานยุทธศาสตร์,โครงการต่อเนื่อง,,,โครงการต่อเนื่อง,1819793150.0,1814907790.0,4885360.0,22,DOC-BUD-2566,1.4ผลเบิกจ่ายปี 2566  final.pdf,6
2566,2567-02-29,หมวดงบรายจ่าย,3,แผนงานยุทธศาสตร์,โครงการต่อเนื่อง,งบดำเนินงาน,,งบดำเนินงาน,255116600.0,250643240.0,4473360.0,5,DOC-BUD-2566,1.4ผลเบิกจ่ายปี 2566  final.pdf,6
2566,2567-02-29,หมวดงบรายจ่าย,3,แผนงานยุทธศาสตร์,โครงการต่อเนื่อง,งบลงทุน,,งบลงทุน,1551560550.0,1551160550.0,400000.0,13,DOC-BUD-2566,1.4ผลเบิกจ่ายปี 2566  final.pdf,6
2566,2567-02-29,หมวดงบรายจ่าย,3,แผนงานยุทธศาสตร์,โครงการต่อเนื่อง,งบรายจ่ายอื่น,,งบรายจ่ายอื่น,13116000.0,13104000.0,12000.0,4,DOC-BUD-2566,1.4ผลเบิกจ่ายปี 2566  final.pdf,6
2566,2567-02-29,กลุ่มรายจ่าย,2,แผนงานยุทธศาสตร์,รายจ่ายเพื่อบริหารงาน,,,รายจ่ายเพื่อบริหารงาน,1669792030.0,1442373041.35,201030618.0,94,DOC-BUD-2566,1.4ผลเบิกจ่ายปี 2566  final.pdf,7
2566,2567-02-29,หมวดงบรายจ่าย,3,แผนงานยุทธศาสตร์,รายจ่ายเพื่อบริหารงาน,งบดำเนินงาน,,งบดำเนินงาน,833884700.0,765119668.56,42045699.79,78,DOC-BUD-2566,1.4ผลเบิกจ่ายปี 2566  final.pdf,7
2566,2567-02-29,หมวดค่าใช้จ่าย,4,แผนงานยุทธศาสตร์,รายจ่ายเพื่อบริหารงาน,งบดำเนินงาน,ค่าตอบแทน,- ค่าตอบแทน,1300000.0,375895.0,924105.0,1,DOC-BUD-2566,1.4ผลเบิกจ่ายปี 2566  final.pdf,7
2566,2567-02-29,หมวดค่าใช้จ่าย,4,แผนงานยุทธศาสตร์,รายจ่ายเพื่อบริหารงาน,งบดำเนินงาน,ค่าใช้สอย,- ค่าใช้สอย,340062400.0,335044761.25,15903206.26,73,DOC-BUD-2566,1.4ผลเบิกจ่ายปี 2566  final.pdf,7
2566,2567-02-29,หมวดค่าใช้จ่าย,4,แผนงานยุทธศาสตร์,รายจ่ายเพื่อบริหารงาน,งบดำเนินงาน,ค่าวัสดุ,- ค่าวัสดุ,22029500.0,21956797.47,71402.53,1,DOC-BUD-2566,1.4ผลเบิกจ่ายปี 2566  final.pdf,9
2566,2567-02-29,หมวดค่าใช้จ่าย,4,แผนงานยุทธศาสตร์,รายจ่ายเพื่อบริหารงาน,งบดำเนินงาน,ค่าสาธารณูปโภค,- ค่าสาธารณูปโภค,470492800.0,407742214.84,25146986.0,3,DOC-BUD-2566,1.4ผลเบิกจ่ายปี 2566  final.pdf,9
2566,2567-02-29,หมวดงบรายจ่าย,3,แผนงานยุทธศาสตร์,รายจ่ายเพื่อบริหารงาน,งบลงทุน,,งบลงทุน,497197400.0,492075000.0,5453361.0,8,DOC-BUD-2566,1.4ผลเบิกจ่ายปี 2566  final.pdf,9
2566,2567-02-29,หมวดงบรายจ่าย,3,แผนงานยุทธศาสตร์,รายจ่ายเพื่อบริหารงาน,งบเงินอุดหนุน,,งบเงินอุดหนุน,34000000.0,31596778.08,2403221.92,1,DOC-BUD-2566,1.4ผลเบิกจ่ายปี 2566  final.pdf,9
2566,2567-02-29,หมวดงบรายจ่าย,3,แผนงานยุทธศาสตร์,รายจ่ายเพื่อบริหารงาน,งบรายจ่ายอื่น,,งบรายจ่ายอื่น,304709930.0,153581594.71,151128335.29,7,DOC-BUD-2566,1.4ผลเบิกจ่ายปี 2566  final.pdf,9
2567,2567-10-31,แผนงาน,1,แผนงานบุคลากรภาครัฐ,,,,แผนงานบุคลากรภาครัฐ,1739264500.0,1249910733.0,489389497.0,14,DOC-BUD-2567,1.5ผลเบิกจ่ายปี 2567 - final.pdf,1
2567,2567-10-31,หมวดงบรายจ่าย,3,แผนงานบุคลากรภาครัฐ,,งบบุคลากร,,งบบุคลากร,1562252500.0,1213934371.43,348318128.57,7,DOC-BUD-2567,1.5ผลเบิกจ่ายปี 2567 - final.pdf,1
2567,2567-10-31,หมวดงบรายจ่าย,3,แผนงานบุคลากรภาครัฐ,,งบดำเนินงาน,,งบดำเนินงาน,176412000.0,35491561.57,140777398.43,6,DOC-BUD-2567,1.5ผลเบิกจ่ายปี 2567 - final.pdf,1
2567,2567-10-31,หมวดค่าใช้จ่าย,4,แผนงานบุคลากรภาครัฐ,,งบดำเนินงาน,ค่าตอบแทน,- ค่าตอบแทน,134648400.0,2368456.57,132279943.43,3,DOC-BUD-2567,1.5ผลเบิกจ่ายปี 2567 - final.pdf,1
2567,2567-10-31,หมวดค่าใช้จ่าย,4,แผนงานบุคลากรภาครัฐ,,งบดำเนินงาน,ค่าใช้สอย,- ค่าใช้สอย,41763600.0,33123105.0,8497455.0,3,DOC-BUD-2567,1.5ผลเบิกจ่ายปี 2567 - final.pdf,1
2567,2567-10-31,หมวดงบรายจ่าย,3,แผนงานบุคลากรภาครัฐ,,งบรายจ่ายอื่น,,งบรายจ่ายอื่น,600000.0,484800.0,293970.0,1,DOC-BUD-2567,1.5ผลเบิกจ่ายปี 2567 - final.pdf,1
2567,2567-10-31,แผนงาน,1,แผนงานพื้นฐาน,,,,แผนงานพื้นฐาน,1276025400.0,948492793.03,333022412.47,71,DOC-BUD-2567,1.5ผลเบิกจ่ายปี 2567 - final.pdf,1
2567,2567-10-31,กลุ่มรายจ่าย,2,แผนงานพื้นฐาน,รายจ่ายเพื่อบริหารงานประจำ,,,รายจ่ายเพื่อบริหารงานประจำ,1276025400.0,948492793.03,333022412.47,71,DOC-BUD-2567,1.5ผลเบิกจ่ายปี 2567 - final.pdf,1
2567,2567-10-31,หมวดงบรายจ่าย,3,แผนงานพื้นฐาน,รายจ่ายเพื่อบริหารงานประจำ,งบดำเนินงาน,,งบดำเนินงาน,1031906600.0,870507538.99,161005294.51,62,DOC-BUD-2567,1.5ผลเบิกจ่ายปี 2567 - final.pdf,1
2567,2567-10-31,หมวดค่าใช้จ่าย,4,แผนงานพื้นฐาน,รายจ่ายเพื่อบริหารงานประจำ,งบดำเนินงาน,ค่าตอบแทน,- ค่าตอบแทน,152748000.0,104539832.88,47428810.35,12,DOC-BUD-2567,1.5ผลเบิกจ่ายปี 2567 - final.pdf,1
2567,2567-10-31,หมวดค่าใช้จ่าย,4,แผนงานพื้นฐาน,รายจ่ายเพื่อบริหารงานประจำ,งบดำเนินงาน,ค่าใช้สอย,- ค่าใช้สอย,456976600.0,401897942.38,54664109.32,32,DOC-BUD-2567,1.5ผลเบิกจ่ายปี 2567 - final.pdf,2
2567,2567-10-31,หมวดค่าใช้จ่าย,4,แผนงานพื้นฐาน,รายจ่ายเพื่อบริหารงานประจำ,งบดำเนินงาน,ค่าวัสดุ,- ค่าวัสดุ,143801700.0,125791828.65,18000300.92,11,DOC-BUD-2567,1.5ผลเบิกจ่ายปี 2567 - final.pdf,2
2567,2567-10-31,หมวดค่าใช้จ่าย,4,แผนงานพื้นฐาน,รายจ่ายเพื่อบริหารงานประจำ,งบดำเนินงาน,ค่าสาธารณูปโภค,- ค่าสาธารณูปโภค,278380300.0,238277935.08,40912073.92,7,DOC-BUD-2567,1.5ผลเบิกจ่ายปี 2567 - final.pdf,3
2567,2567-10-31,หมวดงบรายจ่าย,3,แผนงานพื้นฐาน,รายจ่ายเพื่อบริหารงานประจำ,งบลงทุน,,งบลงทุน,171785400.0,41359713.44,135935466.56,1,DOC-BUD-2567,1.5ผลเบิกจ่ายปี 2567 - final.pdf,3
2567,2567-10-31,หมวดงบรายจ่าย,3,แผนงานพื้นฐาน,รายจ่ายเพื่อบริหารงานประจำ,งบเงินอุดหนุน,,งบเงินอุดหนุน,3300000.0,3154463.36,145536.64,2,DOC-BUD-2567,1.5ผลเบิกจ่ายปี 2567 - final.pdf,3
2567,2567-10-31,หมวดงบรายจ่าย,3,แผนงานพื้นฐาน,รายจ่ายเพื่อบริหารงานประจำ,งบรายจ่ายอื่น,,งบรายจ่ายอื่น,69033400.0,33471077.24,35936114.76,6,DOC-BUD-2567,1.5ผลเบิกจ่ายปี 2567 - final.pdf,3
2567,2567-10-31,แผนงาน,1,แผนงานยุทธศาสตร์,,,,แผนงานยุทธศาสตร์,2287793150.0,1982402265.96,299865348.54,172,DOC-BUD-2567,1.5ผลเบิกจ่ายปี 2567 - final.pdf,3
2567,2567-10-31,กลุ่มรายจ่าย,2,แผนงานยุทธศาสตร์,โครงการต่อเนื่อง,,,โครงการต่อเนื่อง,848748030.0,826934557.77,21439680.23,29,DOC-BUD-2567,1.5ผลเบิกจ่ายปี 2567 - final.pdf,3
2567,2567-10-31,หมวดงบรายจ่าย,3,แผนงานยุทธศาสตร์,โครงการต่อเนื่อง,งบดำเนินงาน,,งบดำเนินงาน,370643210.0,369972337.77,670872.23,7,DOC-BUD-2567,1.5ผลเบิกจ่ายปี 2567 - final.pdf,3
2567,2567-10-31,หมวดค่าใช้จ่าย,4,แผนงานยุทธศาสตร์,โครงการต่อเนื่อง,งบดำเนินงาน,ค่าใช้สอย,- ค่าใช้สอย,241994960.0,241994960.0,,5,DOC-BUD-2567,1.5ผลเบิกจ่ายปี 2567 - final.pdf,3
2567,2567-10-31,หมวดค่าใช้จ่าย,4,แผนงานยุทธศาสตร์,โครงการต่อเนื่อง,งบดำเนินงาน,ค่าสาธารณูปโภค,- ค่าสาธารณูปโภค,128648250.0,127977377.77,670872.23,2,DOC-BUD-2567,1.5ผลเบิกจ่ายปี 2567 - final.pdf,4
2567,2567-10-31,หมวดงบรายจ่าย,3,แผนงานยุทธศาสตร์,โครงการต่อเนื่อง,งบลงทุน,,งบลงทุน,426671370.0,416621470.0,10049900.0,12,DOC-BUD-2567,1.5ผลเบิกจ่ายปี 2567 - final.pdf,4
2567,2567-10-31,หมวดค่าใช้จ่าย,4,แผนงานยุทธศาสตร์,โครงการต่อเนื่อง,งบลงทุน,รายการที่ดิน/อาคาร/สิ่งก่อสร้าง,รายการที่ดิน/อาคาร/สิ่งก่อสร้าง,68713050.0,58663150.0,10049900.0,4,DOC-BUD-2567,1.5ผลเบิกจ่ายปี 2567 - final.pdf,4
2567,2567-10-31,หมวดค่าใช้จ่าย,4,แผนงานยุทธศาสตร์,โครงการต่อเนื่อง,งบลงทุน,ค่าพัฒนา/ปรับปรุงระบบสารสนเทศ,ค่าพัฒนา/ปรับปรุงระบบสารสนเทศ,272099320.0,272099320.0,,6,DOC-BUD-2567,1.5ผลเบิกจ่ายปี 2567 - final.pdf,4
2567,2567-10-31,หมวดงบรายจ่าย,3,แผนงานยุทธศาสตร์,โครงการต่อเนื่อง,งบรายจ่ายอื่น,,งบรายจ่ายอื่น,51433450.0,40340750.0,10718908.0,10,DOC-BUD-2567,1.5ผลเบิกจ่ายปี 2567 - final.pdf,4
2567,2567-10-31,กลุ่มรายจ่าย,2,แผนงานยุทธศาสตร์,รายจ่ายเพื่อบริหารงาน,,,รายจ่ายเพื่อบริหารงาน,1439045120.0,1155467708.19,278425668.31,143,DOC-BUD-2567,1.5ผลเบิกจ่ายปี 2567 - final.pdf,5
2567,2567-10-31,หมวดงบรายจ่าย,3,แผนงานยุทธศาสตร์,รายจ่ายเพื่อบริหารงาน,งบดำเนินงาน,,งบดำเนินงาน,1146987800.0,998980826.32,142159644.18,115,DOC-BUD-2567,1.5ผลเบิกจ่ายปี 2567 - final.pdf,5
2567,2567-10-31,หมวดค่าใช้จ่าย,4,แผนงานยุทธศาสตร์,รายจ่ายเพื่อบริหารงาน,งบดำเนินงาน,ค่าตอบแทน,- ค่าตอบแทน,579200.0,249847.0,324403.0,1,DOC-BUD-2567,1.5ผลเบิกจ่ายปี 2567 - final.pdf,5
2567,2567-10-31,หมวดค่าใช้จ่าย,4,แผนงานยุทธศาสตร์,รายจ่ายเพื่อบริหารงาน,งบดำเนินงาน,ค่าใช้สอย,- ค่าใช้สอย,698725300.0,669977647.83,53372902.67,110,DOC-BUD-2567,1.5ผลเบิกจ่ายปี 2567 - final.pdf,5
2567,2567-10-31,หมวดค่าใช้จ่าย,4,แผนงานยุทธศาสตร์,รายจ่ายเพื่อบริหารงาน,งบดำเนินงาน,ค่าวัสดุ,- ค่าวัสดุ,22668500.0,22665242.12,3257.88,1,DOC-BUD-2567,1.5ผลเบิกจ่ายปี 2567 - final.pdf,8
2567,2567-10-31,หมวดค่าใช้จ่าย,4,แผนงานยุทธศาสตร์,รายจ่ายเพื่อบริหารงาน,งบดำเนินงาน,ค่าสาธารณูปโภค,- ค่าสาธารณูปโภค,425014800.0,306088089.37,88459080.63,3,DOC-BUD-2567,1.5ผลเบิกจ่ายปี 2567 - final.pdf,8
2567,2567-10-31,หมวดงบรายจ่าย,3,แผนงานยุทธศาสตร์,รายจ่ายเพื่อบริหารงาน,งบลงทุน,,งบลงทุน,145176500.0,31568940.17,114277559.83,10,DOC-BUD-2567,1.5ผลเบิกจ่ายปี 2567 - final.pdf,8
2567,2567-10-31,หมวดค่าใช้จ่าย,4,แผนงานยุทธศาสตร์,รายจ่ายเพื่อบริหารงาน,งบลงทุน,โครงการจัดซื้อจอแสดงผลระบบวีดีโอวอลล์ (Video Wall) พร้อมอุปกรณ์และ การติดตั้งภายในห้องประชุมอำพล สิงหโกวินท์ ชั้น 6 อาคารอำนวยการ สำนักงานประกันสังคม,- โครงการจัดซื้อจอแสดงผลระบบวีดีโอวอลล์ (Video Wall) พร้อมอุปกรณ์และ การติดตั้งภายในห้องประชุมอำพล สิงหโกวินท์ ชั้น 6 อาคารอำนวยการ สำนักงานประกันสังคม,1658500.0,,1658500.0,0,DOC-BUD-2567,1.5ผลเบิกจ่ายปี 2567 - final.pdf,8
2567,2567-10-31,หมวดค่าใช้จ่าย,4,แผนงานยุทธศาสตร์,รายจ่ายเพื่อบริหารงาน,งบลงทุน,รายการที่ดิน/อาคาร/สิ่งก่อสร้าง,รายการที่ดิน/อาคาร/สิ่งก่อสร้าง,115737300.0,21672940.17,94734359.83,6,DOC-BUD-2567,1.5ผลเบิกจ่ายปี 2567 - final.pdf,8
2567,2567-10-31,หมวดค่าใช้จ่าย,4,แผนงานยุทธศาสตร์,รายจ่ายเพื่อบริหารงาน,งบลงทุน,ค่าพัฒนา/ปรับปรุงระบบงาน,ค่าพัฒนา/ปรับปรุงระบบงาน,27780700.0,9896000.0,17884700.0,3,DOC-BUD-2567,1.5ผลเบิกจ่ายปี 2567 - final.pdf,8
2567,2567-10-31,หมวดงบรายจ่าย,3,แผนงานยุทธศาสตร์,รายจ่ายเพื่อบริหารงาน,งบเงินอุดหนุน,,งบเงินอุดหนุน,34000000.0,17326133.5,16673866.5,1,DOC-BUD-2567,1.5ผลเบิกจ่ายปี 2567 - final.pdf,8
2567,2567-10-31,หมวดงบรายจ่าย,3,แผนงานยุทธศาสตร์,รายจ่ายเพื่อบริหารงาน,งบรายจ่ายอื่น,,งบรายจ่ายอื่น,112880820.0,107591808.2,5314597.8,17,DOC-BUD-2567,1.5ผลเบิกจ่ายปี 2567 - final.pdf,8
