ประเภทรหัส,รหัส,ชื่อหน่วยงาน,รหัสหน่วยเหนือ,ชื่อหน่วยเหนือ,จำนวนรายการย่อยสินทรัพย์,จำนวนรหัสสินทรัพย์,มูลค่าการได้มา,ค่าเสื่อมราคาสะสม,มูลค่าตามบัญชี,ความสัมพันธ์ที่ตรวจสอบได้,รหัสเอกสาร,ไฟล์ต้นทาง,หน้าอ้างอิง
หน่วยงาน,17006,สำนักงานประกันสังคม,,,82021,60012,5419079845.6,-4285809628.96,1133270216.64,รากของโครงสร้าง,DOC-AST-2567,2. สินทรัพย์คงเหลือ2567_1.pdf,875
พื้นที่,1000,ส่วนกลาง,17006,สำนักงานประกันสังคม,47751,36560,4256495194.08,-3374324469.94,882170724.14,อยู่ใต้หน่วยงาน 17006 และมีศูนย์ต้นทุน 36 แห่ง,DOC-AST-2567,2. สินทรัพย์คงเหลือ2567_1.pdf,385; 888; 989; 1067; 1098; 1110
พื้นที่,1100,สมุทรปราการ,17006,สำนักงานประกันสังคม,1439,1099,55545331.11,-44299274.01,11246057.1,อยู่ใต้หน่วยงาน 17006 และมีศูนย์ต้นทุน 1 แห่ง,DOC-AST-2567,2. สินทรัพย์คงเหลือ2567_1.pdf,401; 889; 993; 1068; 1132; 1632
พื้นที่,1200,นนทบุรี,17006,สำนักงานประกันสังคม,734,499,22605961.8,-18887060.83,3718900.97,อยู่ใต้หน่วยงาน 17006 และมีศูนย์ต้นทุน 1 แห่ง,DOC-AST-2567,2. สินทรัพย์คงเหลือ2567_1.pdf,410; 890; 994; 1069; 1636; 1853
พื้นที่,1300,ปทุมธานี,17006,สำนักงานประกันสังคม,626,512,25177156.87,-21284297.64,3892859.23,อยู่ใต้หน่วยงาน 17006 และมีศูนย์ต้นทุน 1 แห่ง,DOC-AST-2567,2. สินทรัพย์คงเหลือ2567_1.pdf,418; 890; 995; 1070; 1132; 1641
พื้นที่,1400,พระนครศรีอยุธยา,17006,สำนักงานประกันสังคม,720,504,27362188.97,-18011946.84,9350242.13,อยู่ใต้หน่วยงาน 17006 และมีศูนย์ต้นทุน 1 แห่ง,DOC-AST-2567,2. สินทรัพย์คงเหลือ2567_1.pdf,428; 890; 995; 1070; 1645; 1855
พื้นที่,1500,อ่างทอง,17006,สำนักงานประกันสังคม,349,202,7982460.68,-5288054.65,2694406.03,อยู่ใต้หน่วยงาน 17006 และมีศูนย์ต้นทุน 1 แห่ง,DOC-AST-2567,2. สินทรัพย์คงเหลือ2567_1.pdf,434; 890; 996; 1071; 1646; 1855
พื้นที่,1600,ลพบุรี,17006,สำนักงานประกันสังคม,351,229,15429120.27,-11974342.52,3454777.75,อยู่ใต้หน่วยงาน 17006 และมีศูนย์ต้นทุน 1 แห่ง,DOC-AST-2567,2. สินทรัพย์คงเหลือ2567_1.pdf,439; 891; 996; 1071; 1132; 1648
พื้นที่,1700,สิงห์บุรี,17006,สำนักงานประกันสังคม,157,104,7972884.41,-6227687.11,1745197.3,อยู่ใต้หน่วยงาน 17006 และมีศูนย์ต้นทุน 1 แห่ง,DOC-AST-2567,2. สินทรัพย์คงเหลือ2567_1.pdf,441; 891; 996; 1649; 1856
พื้นที่,1800,ชัยนาท,17006,สำนักงานประกันสังคม,199,129,7719978.24,-4784324.22,2935654.02,อยู่ใต้หน่วยงาน 17006 และมีศูนย์ต้นทุน 1 แห่ง,DOC-AST-2567,2. สินทรัพย์คงเหลือ2567_1.pdf,444; 891; 997; 1071; 1098; 1650
พื้นที่,1900,สระบุรี,17006,สำนักงานประกันสังคม,385,273,15715732.5,-12762520.18,2953212.32,อยู่ใต้หน่วยงาน 17006 และมีศูนย์ต้นทุน 1 แห่ง,DOC-AST-2567,2. สินทรัพย์คงเหลือ2567_1.pdf,448; 891; 997; 1071; 1653; 1857
พื้นที่,2000,ชลบุรี,17006,สำนักงานประกันสังคม,760,553,26779055.05,-20494456.2,6284598.85,อยู่ใต้หน่วยงาน 17006 และมีศูนย์ต้นทุน 1 แห่ง,DOC-AST-2567,2. สินทรัพย์คงเหลือ2567_1.pdf,458; 892; 998; 1072; 1098; 1659
พื้นที่,2100,ระยอง,17006,สำนักงานประกันสังคม,1140,791,31370190.65,-22053331.76,9316858.89,อยู่ใต้หน่วยงาน 17006 และมีศูนย์ต้นทุน 1 แห่ง,DOC-AST-2567,2. สินทรัพย์คงเหลือ2567_1.pdf,478; 892; 998; 1073; 1098; 1662
พื้นที่,2200,จันทบุรี,17006,สำนักงานประกันสังคม,172,128,9966959.33,-8199865.88,1767093.45,อยู่ใต้หน่วยงาน 17006 และมีศูนย์ต้นทุน 1 แห่ง,DOC-AST-2567,2. สินทรัพย์คงเหลือ2567_1.pdf,480; 893; 999; 1073; 1664; 1858
พื้นที่,2300,ตราด,17006,สำนักงานประกันสังคม,142,113,8699781.0,-6163008.55,2536772.45,อยู่ใต้หน่วยงาน 17006 และมีศูนย์ต้นทุน 1 แห่ง,DOC-AST-2567,2. สินทรัพย์คงเหลือ2567_1.pdf,481; 893; 999; 1074; 1665; 1858
พื้นที่,2400,ฉะเชิงเทรา,17006,สำนักงานประกันสังคม,945,578,28396411.95,-23272678.34,5123733.61,อยู่ใต้หน่วยงาน 17006 และมีศูนย์ต้นทุน 1 แห่ง,DOC-AST-2567,2. สินทรัพย์คงเหลือ2567_1.pdf,497; 893; 999; 1074; 1669; 1859
พื้นที่,2500,ปราจีนบุรี,17006,สำนักงานประกันสังคม,583,372,18819690.44,-15716956.94,3102733.5,อยู่ใต้หน่วยงาน 17006 และมีศูนย์ต้นทุน 1 แห่ง,DOC-AST-2567,2. สินทรัพย์คงเหลือ2567_1.pdf,507; 894; 1000; 1075; 1671; 1859
พื้นที่,2600,นครนายก,17006,สำนักงานประกันสังคม,214,148,8312709.49,-6138009.28,2174700.21,อยู่ใต้หน่วยงาน 17006 และมีศูนย์ต้นทุน 1 แห่ง,DOC-AST-2567,2. สินทรัพย์คงเหลือ2567_1.pdf,510; 894; 1000; 1075; 1132; 1672
พื้นที่,2700,สระแก้ว,17006,สำนักงานประกันสังคม,198,153,10236083.9,-7492043.61,2744040.29,อยู่ใต้หน่วยงาน 17006 และมีศูนย์ต้นทุน 1 แห่ง,DOC-AST-2567,2. สินทรัพย์คงเหลือ2567_1.pdf,512; 894; 1000; 1075; 1673; 1860
พื้นที่,3000,นครราชสีมา,17006,สำนักงานประกันสังคม,873,571,25623555.63,-18760613.27,6862942.36,อยู่ใต้หน่วยงาน 17006 และมีศูนย์ต้นทุน 1 แห่ง,DOC-AST-2567,2. สินทรัพย์คงเหลือ2567_1.pdf,526; 895; 1001; 1076; 1099; 1678
พื้นที่,3100,บุรีรัมย์,17006,สำนักงานประกันสังคม,391,249,13478233.0,-9720464.21,3757768.79,อยู่ใต้หน่วยงาน 17006 และมีศูนย์ต้นทุน 1 แห่ง,DOC-AST-2567,2. สินทรัพย์คงเหลือ2567_1.pdf,532; 895; 1077; 1132; 1679; 1860
พื้นที่,3200,สุรินทร์,17006,สำนักงานประกันสังคม,347,247,11239338.29,-9628739.99,1610598.3,อยู่ใต้หน่วยงาน 17006 และมีศูนย์ต้นทุน 1 แห่ง,DOC-AST-2567,2. สินทรัพย์คงเหลือ2567_1.pdf,537; 895; 1001; 1077; 1099; 1681
พื้นที่,3300,ศรีสะเกษ,17006,สำนักงานประกันสังคม,180,145,7447591.38,-5427841.76,2019749.62,อยู่ใต้หน่วยงาน 17006 และมีศูนย์ต้นทุน 1 แห่ง,DOC-AST-2567,2. สินทรัพย์คงเหลือ2567_1.pdf,539; 895; 1002; 1077; 1682; 1862
พื้นที่,3400,อุบลราชธานี,17006,สำนักงานประกันสังคม,449,381,19338468.14,-16713917.85,2624550.29,อยู่ใต้หน่วยงาน 17006 และมีศูนย์ต้นทุน 1 แห่ง,DOC-AST-2567,2. สินทรัพย์คงเหลือ2567_1.pdf,544; 896; 1002; 1078; 1099; 1686
พื้นที่,3500,ยโสธร,17006,สำนักงานประกันสังคม,188,145,8625995.8,-6809998.58,1815997.22,อยู่ใต้หน่วยงาน 17006 และมีศูนย์ต้นทุน 1 แห่ง,DOC-AST-2567,2. สินทรัพย์คงเหลือ2567_1.pdf,546; 896; 1002; 1078; 1687; 1863
พื้นที่,3600,ชัยภูมิ,17006,สำนักงานประกันสังคม,260,209,11232543.05,-9052685.09,2179857.96,อยู่ใต้หน่วยงาน 17006 และมีศูนย์ต้นทุน 1 แห่ง,DOC-AST-2567,2. สินทรัพย์คงเหลือ2567_1.pdf,549; 896; 1003; 1078; 1690; 1863
พื้นที่,3700,อำนาจเจริญ,17006,สำนักงานประกันสังคม,248,157,8261347.22,-5314741.44,2946605.78,อยู่ใต้หน่วยงาน 17006 และมีศูนย์ต้นทุน 1 แห่ง,DOC-AST-2567,2. สินทรัพย์คงเหลือ2567_1.pdf,552; 896; 1003; 1078; 1691; 1864
พื้นที่,3800,บึงกาฬ,17006,สำนักงานประกันสังคม,384,321,10810872.34,-6698140.15,4112732.19,อยู่ใต้หน่วยงาน 17006 และมีศูนย์ต้นทุน 1 แห่ง,DOC-AST-2567,2. สินทรัพย์คงเหลือ2567_1.pdf,559; 897; 1004; 1079; 1692; 1864
พื้นที่,3900,หนองบัวลำภู,17006,สำนักงานประกันสังคม,87,64,7731313.55,-5253823.7,2477489.85,อยู่ใต้หน่วยงาน 17006 และมีศูนย์ต้นทุน 1 แห่ง,DOC-AST-2567,2. สินทรัพย์คงเหลือ2567_1.pdf,559; 897; 1005; 1079; 1133; 1693
พื้นที่,4000,ขอนแก่น,17006,สำนักงานประกันสังคม,655,405,20656863.3,-15871877.93,4784985.37,อยู่ใต้หน่วยงาน 17006 และมีศูนย์ต้นทุน 1 แห่ง,DOC-AST-2567,2. สินทรัพย์คงเหลือ2567_1.pdf,569; 897; 1006; 1079; 1696; 1865
พื้นที่,4100,อุดรธานี,17006,สำนักงานประกันสังคม,483,314,22230863.73,-16438542.88,5792320.85,อยู่ใต้หน่วยงาน 17006 และมีศูนย์ต้นทุน 1 แห่ง,DOC-AST-2567,2. สินทรัพย์คงเหลือ2567_1.pdf,574; 898; 1006; 1080; 1699; 1866
พื้นที่,4200,เลย,17006,สำนักงานประกันสังคม,215,169,11326697.64,-9344710.79,1981986.85,อยู่ใต้หน่วยงาน 17006 และมีศูนย์ต้นทุน 1 แห่ง,DOC-AST-2567,2. สินทรัพย์คงเหลือ2567_1.pdf,577; 898; 1007; 1080; 1701; 1866
พื้นที่,4300,หนองคาย,17006,สำนักงานประกันสังคม,452,306,11726061.24,-10350537.69,1375523.55,อยู่ใต้หน่วยงาน 17006 และมีศูนย์ต้นทุน 1 แห่ง,DOC-AST-2567,2. สินทรัพย์คงเหลือ2567_1.pdf,584; 898; 1007; 1080; 1703; 1866
พื้นที่,4400,มหาสารคาม,17006,สำนักงานประกันสังคม,249,155,8400469.99,-5591483.75,2808986.24,อยู่ใต้หน่วยงาน 17006 และมีศูนย์ต้นทุน 1 แห่ง,DOC-AST-2567,2. สินทรัพย์คงเหลือ2567_1.pdf,588; 898; 1008; 1080; 1704; 1867
พื้นที่,4500,ร้อยเอ็ด,17006,สำนักงานประกันสังคม,483,308,15115938.87,-13103150.41,2012788.46,อยู่ใต้หน่วยงาน 17006 และมีศูนย์ต้นทุน 1 แห่ง,DOC-AST-2567,2. สินทรัพย์คงเหลือ2567_1.pdf,595; 899; 1008; 1081; 1706; 1867
พื้นที่,4600,กาฬสินธุ์,17006,สำนักงานประกันสังคม,381,243,9130656.78,-6914071.08,2216585.7,อยู่ใต้หน่วยงาน 17006 และมีศูนย์ต้นทุน 1 แห่ง,DOC-AST-2567,2. สินทรัพย์คงเหลือ2567_1.pdf,602; 899; 1008; 1081; 1111; 1708
พื้นที่,4700,สกลนคร,17006,สำนักงานประกันสังคม,377,268,12908261.47,-9195671.28,3712590.19,อยู่ใต้หน่วยงาน 17006 และมีศูนย์ต้นทุน 1 แห่ง,DOC-AST-2567,2. สินทรัพย์คงเหลือ2567_1.pdf,607; 899; 1009; 1082; 1099; 1111
พื้นที่,4800,นครพนม,17006,สำนักงานประกันสังคม,277,203,9779435.7,-7419728.24,2359707.46,อยู่ใต้หน่วยงาน 17006 และมีศูนย์ต้นทุน 1 แห่ง,DOC-AST-2567,2. สินทรัพย์คงเหลือ2567_1.pdf,611; 900; 1009; 1082; 1710; 1869
พื้นที่,4900,มุกดาหาร,17006,สำนักงานประกันสังคม,196,137,8471302.67,-5943537.23,2527765.44,อยู่ใต้หน่วยงาน 17006 และมีศูนย์ต้นทุน 1 แห่ง,DOC-AST-2567,2. สินทรัพย์คงเหลือ2567_1.pdf,613; 900; 1010; 1082; 1712; 1869
พื้นที่,5000,เชียงใหม่,17006,สำนักงานประกันสังคม,1207,700,55917615.97,-40225199.41,15692416.56,อยู่ใต้หน่วยงาน 17006 และมีศูนย์ต้นทุน 1 แห่ง,DOC-AST-2567,2. สินทรัพย์คงเหลือ2567_1.pdf,626; 900; 1016; 1083; 1716; 1872
พื้นที่,5100,ลำพูน,17006,สำนักงานประกันสังคม,424,260,12165447.45,-9618171.19,2547276.26,อยู่ใต้หน่วยงาน 17006 และมีศูนย์ต้นทุน 1 แห่ง,DOC-AST-2567,2. สินทรัพย์คงเหลือ2567_1.pdf,632; 901; 1016; 1083; 1718; 1872
พื้นที่,5200,ลำปาง,17006,สำนักงานประกันสังคม,391,263,13495526.0,-10010074.83,3485451.17,อยู่ใต้หน่วยงาน 17006 และมีศูนย์ต้นทุน 1 แห่ง,DOC-AST-2567,2. สินทรัพย์คงเหลือ2567_1.pdf,637; 901; 1017; 1084; 1721; 1872
พื้นที่,5300,อุตรดิตถ์,17006,สำนักงานประกันสังคม,243,183,9530916.26,-7550260.51,1980655.75,อยู่ใต้หน่วยงาน 17006 และมีศูนย์ต้นทุน 1 แห่ง,DOC-AST-2567,2. สินทรัพย์คงเหลือ2567_1.pdf,640; 901; 1017; 1084; 1099; 1722
พื้นที่,5400,แพร่,17006,สำนักงานประกันสังคม,515,349,13629012.74,-10800506.47,2828506.27,อยู่ใต้หน่วยงาน 17006 และมีศูนย์ต้นทุน 1 แห่ง,DOC-AST-2567,2. สินทรัพย์คงเหลือ2567_1.pdf,648; 901; 1018; 1084; 1724; 1874
พื้นที่,5500,น่าน,17006,สำนักงานประกันสังคม,486,352,16553226.8,-15036316.49,1516910.31,อยู่ใต้หน่วยงาน 17006 และมีศูนย์ต้นทุน 1 แห่ง,DOC-AST-2567,2. สินทรัพย์คงเหลือ2567_1.pdf,656; 902; 1018; 1084; 1726; 1874
พื้นที่,5600,พะเยา,17006,สำนักงานประกันสังคม,334,234,10567127.34,-8566248.76,2000878.58,อยู่ใต้หน่วยงาน 17006 และมีศูนย์ต้นทุน 1 แห่ง,DOC-AST-2567,2. สินทรัพย์คงเหลือ2567_1.pdf,661; 902; 1019; 1085; 1728; 1874
พื้นที่,5700,เชียงราย,17006,สำนักงานประกันสังคม,296,263,14865697.25,-12079233.24,2786464.01,อยู่ใต้หน่วยงาน 17006 และมีศูนย์ต้นทุน 1 แห่ง,DOC-AST-2567,2. สินทรัพย์คงเหลือ2567_1.pdf,664; 902; 1019; 1085; 1731; 1874
พื้นที่,5800,แม่ฮ่องสอน,17006,สำนักงานประกันสังคม,177,127,8554833.95,-6200760.69,2354073.26,อยู่ใต้หน่วยงาน 17006 และมีศูนย์ต้นทุน 1 แห่ง,DOC-AST-2567,2. สินทรัพย์คงเหลือ2567_1.pdf,666; 903; 1020; 1085; 1733; 1875
พื้นที่,6000,นครสวรรค์,17006,สำนักงานประกันสังคม,405,288,13849104.23,-10936440.16,2912664.07,อยู่ใต้หน่วยงาน 17006 และมีศูนย์ต้นทุน 1 แห่ง,DOC-AST-2567,2. สินทรัพย์คงเหลือ2567_1.pdf,671; 903; 1020; 1086; 1734; 1877
พื้นที่,6100,อุทัยธานี,17006,สำนักงานประกันสังคม,228,155,8791313.0,-7770135.28,1021177.72,อยู่ใต้หน่วยงาน 17006 และมีศูนย์ต้นทุน 1 แห่ง,DOC-AST-2567,2. สินทรัพย์คงเหลือ2567_1.pdf,674; 903; 1020; 1086; 1736; 1877
พื้นที่,6200,กำแพงเพชร,17006,สำนักงานประกันสังคม,222,177,10122742.25,-8305617.77,1817124.48,อยู่ใต้หน่วยงาน 17006 และมีศูนย์ต้นทุน 1 แห่ง,DOC-AST-2567,2. สินทรัพย์คงเหลือ2567_1.pdf,676; 903; 1021; 1086; 1738; 1877
พื้นที่,6300,ตาก,17006,สำนักงานประกันสังคม,450,291,15027823.85,-12074393.64,2953430.21,อยู่ใต้หน่วยงาน 17006 และมีศูนย์ต้นทุน 1 แห่ง,DOC-AST-2567,2. สินทรัพย์คงเหลือ2567_1.pdf,682; 904; 1021; 1087; 1099; 1740
พื้นที่,6400,สุโขทัย,17006,สำนักงานประกันสังคม,226,181,8940842.71,-6943922.78,1996919.93,อยู่ใต้หน่วยงาน 17006 และมีศูนย์ต้นทุน 1 แห่ง,DOC-AST-2567,2. สินทรัพย์คงเหลือ2567_1.pdf,685; 904; 1021; 1087; 1099; 1741
พื้นที่,6500,พิษณุโลก,17006,สำนักงานประกันสังคม,416,292,14871301.0,-12096110.26,2775190.74,อยู่ใต้หน่วยงาน 17006 และมีศูนย์ต้นทุน 1 แห่ง,DOC-AST-2567,2. สินทรัพย์คงเหลือ2567_1.pdf,692; 904; 1022; 1087; 1743; 1879
พื้นที่,6600,พิจิตร,17006,สำนักงานประกันสังคม,254,213,9753119.49,-7968640.81,1784478.68,อยู่ใต้หน่วยงาน 17006 และมีศูนย์ต้นทุน 1 แห่ง,DOC-AST-2567,2. สินทรัพย์คงเหลือ2567_1.pdf,695; 905; 1022; 1087; 1099; 1745
พื้นที่,6700,เพชรบูรณ์,17006,สำนักงานประกันสังคม,489,330,15687967.7,-12816657.78,2871309.92,อยู่ใต้หน่วยงาน 17006 และมีศูนย์ต้นทุน 1 แห่ง,DOC-AST-2567,2. สินทรัพย์คงเหลือ2567_1.pdf,701; 905; 1023; 1088; 1748; 1880
พื้นที่,7000,ราชบุรี,17006,สำนักงานประกันสังคม,333,244,17964786.7,-15047603.89,2917182.81,อยู่ใต้หน่วยงาน 17006 และมีศูนย์ต้นทุน 1 แห่ง,DOC-AST-2567,2. สินทรัพย์คงเหลือ2567_1.pdf,706; 905; 1023; 1089; 1750; 1880
พื้นที่,7100,กาญจนบุรี,17006,สำนักงานประกันสังคม,315,199,10503209.05,-8857963.94,1645245.11,อยู่ใต้หน่วยงาน 17006 และมีศูนย์ต้นทุน 1 แห่ง,DOC-AST-2567,2. สินทรัพย์คงเหลือ2567_1.pdf,710; 905; 1023; 1089; 1752; 1881
พื้นที่,7200,สุพรรณบุรี,17006,สำนักงานประกันสังคม,212,151,9799675.25,-8231710.92,1567964.33,อยู่ใต้หน่วยงาน 17006 และมีศูนย์ต้นทุน 1 แห่ง,DOC-AST-2567,2. สินทรัพย์คงเหลือ2567_1.pdf,712; 906; 1024; 1089; 1753; 1881
พื้นที่,7300,นครปฐม,17006,สำนักงานประกันสังคม,789,575,22685530.29,-20132130.07,2553400.22,อยู่ใต้หน่วยงาน 17006 และมีศูนย์ต้นทุน 1 แห่ง,DOC-AST-2567,2. สินทรัพย์คงเหลือ2567_1.pdf,724; 906; 1025; 1089; 1758; 1881
พื้นที่,7400,สมุทรสาคร,17006,สำนักงานประกันสังคม,3361,1886,42936482.52,-37867950.77,5068531.75,อยู่ใต้หน่วยงาน 17006 และมีศูนย์ต้นทุน 1 แห่ง,DOC-AST-2567,2. สินทรัพย์คงเหลือ2567_1.pdf,791; 906; 1026; 1090; 1100; 1764
พื้นที่,7500,สมุทรสงคราม,17006,สำนักงานประกันสังคม,178,144,7300494.15,-5358893.15,1941601.0,อยู่ใต้หน่วยงาน 17006 และมีศูนย์ต้นทุน 1 แห่ง,DOC-AST-2567,2. สินทรัพย์คงเหลือ2567_1.pdf,793; 907; 1027; 1090; 1133; 1765
พื้นที่,7600,เพชรบุรี,17006,สำนักงานประกันสังคม,389,271,10556055.49,-7917279.4,2638776.09,อยู่ใต้หน่วยงาน 17006 และมีศูนย์ต้นทุน 1 แห่ง,DOC-AST-2567,2. สินทรัพย์คงเหลือ2567_1.pdf,797; 907; 1027; 1090; 1767; 1885
พื้นที่,7700,ประจวบคีรีขันธ์,17006,สำนักงานประกันสังคม,451,337,18019353.91,-15260387.77,2758966.14,อยู่ใต้หน่วยงาน 17006 และมีศูนย์ต้นทุน 1 แห่ง,DOC-AST-2567,2. สินทรัพย์คงเหลือ2567_1.pdf,803; 907; 1028; 1091; 1770; 1886
พื้นที่,8000,นครศรีธรรมราช,17006,สำนักงานประกันสังคม,1152,738,21773972.39,-17462668.9,4311303.49,อยู่ใต้หน่วยงาน 17006 และมีศูนย์ต้นทุน 1 แห่ง,DOC-AST-2567,2. สินทรัพย์คงเหลือ2567_1.pdf,820; 908; 1031; 1091; 1775; 1886
พื้นที่,8100,กระบี่,17006,สำนักงานประกันสังคม,241,171,10321726.45,-7725459.34,2596267.11,อยู่ใต้หน่วยงาน 17006 และมีศูนย์ต้นทุน 1 แห่ง,DOC-AST-2567,2. สินทรัพย์คงเหลือ2567_1.pdf,823; 908; 1031; 1091; 1776; 1887
พื้นที่,8200,พังงา,17006,สำนักงานประกันสังคม,302,194,8771860.89,-6509997.34,2261863.55,อยู่ใต้หน่วยงาน 17006 และมีศูนย์ต้นทุน 1 แห่ง,DOC-AST-2567,2. สินทรัพย์คงเหลือ2567_1.pdf,827; 908; 1032; 1092; 1777; 1887
พื้นที่,8300,ภูเก็ต,17006,สำนักงานประกันสังคม,551,383,17550938.74,-11559651.17,5991287.57,อยู่ใต้หน่วยงาน 17006 และมีศูนย์ต้นทุน 1 แห่ง,DOC-AST-2567,2. สินทรัพย์คงเหลือ2567_1.pdf,836; 908; 1032; 1092; 1780; 1888
พื้นที่,8400,สุราษฎร์ธานี,17006,สำนักงานประกันสังคม,360,245,14032722.04,-8700847.39,5331874.65,อยู่ใต้หน่วยงาน 17006 และมีศูนย์ต้นทุน 1 แห่ง,DOC-AST-2567,2. สินทรัพย์คงเหลือ2567_1.pdf,841; 909; 1032; 1093; 1100; 1782
พื้นที่,8500,ระนอง,17006,สำนักงานประกันสังคม,253,177,9414711.5,-7800207.39,1614504.11,อยู่ใต้หน่วยงาน 17006 และมีศูนย์ต้นทุน 1 แห่ง,DOC-AST-2567,2. สินทรัพย์คงเหลือ2567_1.pdf,844; 909; 1033; 1093; 1111; 1783
พื้นที่,8600,ชุมพร,17006,สำนักงานประกันสังคม,243,191,8891693.05,-6726027.47,2165665.58,อยู่ใต้หน่วยงาน 17006 และมีศูนย์ต้นทุน 1 แห่ง,DOC-AST-2567,2. สินทรัพย์คงเหลือ2567_1.pdf,848; 909; 1033; 1093; 1785; 1889
พื้นที่,9000,สงขลา,17006,สำนักงานประกันสังคม,842,606,33542483.14,-27986577.18,5555905.96,อยู่ใต้หน่วยงาน 17006 และมีศูนย์ต้นทุน 1 แห่ง,DOC-AST-2567,2. สินทรัพย์คงเหลือ2567_1.pdf,860; 910; 1034; 1094; 1100; 1133
พื้นที่,9100,สตูล,17006,สำนักงานประกันสังคม,222,147,10346854.97,-9431500.01,915354.96,อยู่ใต้หน่วยงาน 17006 และมีศูนย์ต้นทุน 1 แห่ง,DOC-AST-2567,2. สินทรัพย์คงเหลือ2567_1.pdf,863; 910; 1034; 1094; 1790; 1891
พื้นที่,9200,ตรัง,17006,สำนักงานประกันสังคม,198,148,10195840.25,-8579197.1,1616643.15,อยู่ใต้หน่วยงาน 17006 และมีศูนย์ต้นทุน 1 แห่ง,DOC-AST-2567,2. สินทรัพย์คงเหลือ2567_1.pdf,865; 910; 1034; 1095; 1791; 1891
พื้นที่,9300,พัทลุง,17006,สำนักงานประกันสังคม,236,151,8001322.75,-6907373.38,1093949.37,อยู่ใต้หน่วยงาน 17006 และมีศูนย์ต้นทุน 1 แห่ง,DOC-AST-2567,2. สินทรัพย์คงเหลือ2567_1.pdf,869; 910; 1035; 1095; 1792; 1891
พื้นที่,9400,ปัตตานี,17006,สำนักงานประกันสังคม,184,144,11988389.25,-9400594.81,2587794.44,อยู่ใต้หน่วยงาน 17006 และมีศูนย์ต้นทุน 1 แห่ง,DOC-AST-2567,2. สินทรัพย์คงเหลือ2567_1.pdf,871; 911; 1035; 1095; 1100; 1794
พื้นที่,9500,ยะลา,17006,สำนักงานประกันสังคม,234,180,12394358.55,-8482887.24,3911471.31,อยู่ใต้หน่วยงาน 17006 และมีศูนย์ต้นทุน 1 แห่ง,DOC-AST-2567,2. สินทรัพย์คงเหลือ2567_1.pdf,874; 911; 1035; 1096; 1795; 1892
พื้นที่,9600,นราธิวาส,17006,สำนักงานประกันสังคม,172,128,11641065.75,-9935424.44,1705641.31,อยู่ใต้หน่วยงาน 17006 และมีศูนย์ต้นทุน 1 แห่ง,DOC-AST-2567,2. สินทรัพย์คงเหลือ2567_1.pdf,875; 911; 1035; 1096; 1797; 1892
ศูนย์ต้นทุน,1700600001,สำนักงานเลขานุการกรม,1000,ส่วนกลาง,6869,4405,628503251.0,-433506582.64,194996668.36,ผูกกับพื้นที่เดียวในเอกสาร,DOC-AST-2567,2. สินทรัพย์คงเหลือ2567_1.pdf,75; 883; 943; 1039; 1096; 1101
ศูนย์ต้นทุน,1700600002,กองการเจ้าหน้าที่,1000,ส่วนกลาง,141,127,3916100.95,-3024363.73,891737.22,ผูกกับพื้นที่เดียวในเอกสาร,DOC-AST-2567,2. สินทรัพย์คงเหลือ2567_1.pdf,76; 883; 944; 1039; 1158; 1816
ศูนย์ต้นทุน,1700600003,สำนักบริหารการเงิน การบัญชี และการลงทุน,1000,ส่วนกลาง,349,231,5094884.35,-3952394.65,1142489.7,ผูกกับพื้นที่เดียวในเอกสาร,DOC-AST-2567,2. สินทรัพย์คงเหลือ2567_1.pdf,81; 883; 944; 1040; 1160; 1817
ศูนย์ต้นทุน,1700600004,สำนักเงินสมทบ,1000,ส่วนกลาง,439,325,8524784.05,-7167309.62,1357474.43,ผูกกับพื้นที่เดียวในเอกสาร,DOC-AST-2567,2. สินทรัพย์คงเหลือ2567_1.pdf,87; 945; 1040; 1163
ศูนย์ต้นทุน,1700600005,สำนักตรวจสอบ,1000,ส่วนกลาง,130,124,5051593.16,-4369013.49,682579.67,ผูกกับพื้นที่เดียวในเอกสาร,DOC-AST-2567,2. สินทรัพย์คงเหลือ2567_1.pdf,87; 883; 945; 1040; 1165
ศูนย์ต้นทุน,1700600006,สำนักบริหารเทคโนโลยีสารสนเทศ,1000,ส่วนกลาง,19400,16546,2925397604.77,-2353977109.94,571420494.83,ผูกกับพื้นที่เดียวในเอกสาร,DOC-AST-2567,2. สินทรัพย์คงเหลือ2567_1.pdf,132; 953; 1040; 1096; 1101; 1552
ศูนย์ต้นทุน,1700600007,กองนิติการ,1000,ส่วนกลาง,154,139,3839019.43,-2427180.32,1411839.11,ผูกกับพื้นที่เดียวในเอกสาร,DOC-AST-2567,2. สินทรัพย์คงเหลือ2567_1.pdf,133; 953; 1040; 1555; 1818
ศูนย์ต้นทุน,1700600008,สำนักสิทธิประโยชน์,1000,ส่วนกลาง,75,73,1640773.85,-1122193.09,518580.76,ผูกกับพื้นที่เดียวในเอกสาร,DOC-AST-2567,2. สินทรัพย์คงเหลือ2567_1.pdf,134; 953; 1040; 1111; 1556; 1818
ศูนย์ต้นทุน,1700600009,สำนักจัดระบบบริการทางการแพทย์,1000,ส่วนกลาง,399,263,9632882.66,-8537306.64,1095576.02,ผูกกับพื้นที่เดียวในเอกสาร,DOC-AST-2567,2. สินทรัพย์คงเหลือ2567_1.pdf,140; 883; 954; 1040; 1558; 1818
ศูนย์ต้นทุน,1700600010,กองนโยบายและแผน,1000,ส่วนกลาง,61,51,1133926.75,-873726.01,260200.74,ผูกกับพื้นที่เดียวในเอกสาร,DOC-AST-2567,2. สินทรัพย์คงเหลือ2567_1.pdf,140; 954; 1040; 1559; 1797; 1818
ศูนย์ต้นทุน,1700600011,สำนักงานกองทุนเงินทดแทน,1000,ส่วนกลาง,390,294,15794334.58,-13787238.79,2007095.79,ผูกกับพื้นที่เดียวในเอกสาร,DOC-AST-2567,2. สินทรัพย์คงเหลือ2567_1.pdf,145; 884; 954; 1041; 1111; 1562
ศูนย์ต้นทุน,1700600012,สำนักเสริมสร้างความมั่นคงแรงงานนอกระบบ,1000,ส่วนกลาง,93,76,3611180.95,-2910425.86,700755.09,ผูกกับพื้นที่เดียวในเอกสาร,DOC-AST-2567,2. สินทรัพย์คงเหลือ2567_1.pdf,145; 884; 954; 1041; 1563; 1819
ศูนย์ต้นทุน,1700600013,สำนักบริหารเงินลงทุน,1000,ส่วนกลาง,535,370,13182690.26,-10936963.17,2245727.09,ผูกกับพื้นที่เดียวในเอกสาร,DOC-AST-2567,2. สินทรัพย์คงเหลือ2567_1.pdf,150; 884; 957; 1041; 1566; 1820
ศูนย์ต้นทุน,1700600014,กองฝึกอบรม,1000,ส่วนกลาง,157,136,3749370.57,-3126478.65,622891.92,ผูกกับพื้นที่เดียวในเอกสาร,DOC-AST-2567,2. สินทรัพย์คงเหลือ2567_1.pdf,151; 958; 1042; 1567; 1820
ศูนย์ต้นทุน,1700600015,ศูนย์สารนิเทศ,1000,ส่วนกลาง,1117,726,38285526.55,-34056975.71,4228550.84,ผูกกับพื้นที่เดียวในเอกสาร,DOC-AST-2567,2. สินทรัพย์คงเหลือ2567_1.pdf,154; 884; 960; 1059; 1101; 1570
ศูนย์ต้นทุน,1700600016,สำนักงานประกันสังคมเขตพื้นที่ 1,1000,ส่วนกลาง,402,359,30499885.81,-29247371.82,1252513.99,ผูกกับพื้นที่เดียวในเอกสาร,DOC-AST-2567,2. สินทรัพย์คงเหลือ2567_1.pdf,160; 884; 960; 1059; 1101; 1573
ศูนย์ต้นทุน,1700600017,สำนักงานประกันสังคมเขตพื้นที่ 2,1000,ส่วนกลาง,575,497,23708507.63,-20213101.52,3495406.11,ผูกกับพื้นที่เดียวในเอกสาร,DOC-AST-2567,2. สินทรัพย์คงเหลือ2567_1.pdf,168; 884; 961; 1059; 1111; 1576
ศูนย์ต้นทุน,1700600018,สำนักงานประกันสังคมเขตพื้นที่ 3,1000,ส่วนกลาง,1205,1069,38326126.8,-30938071.46,7388055.34,ผูกกับพื้นที่เดียวในเอกสาร,DOC-AST-2567,2. สินทรัพย์คงเหลือ2567_1.pdf,184; 884; 966; 1060; 1096; 1580
ศูนย์ต้นทุน,1700600019,สำนักงานประกันสังคมเขตพื้นที่ 4,1000,ส่วนกลาง,518,446,24233611.23,-19429338.45,4804272.78,ผูกกับพื้นที่เดียวในเอกสาร,DOC-AST-2567,2. สินทรัพย์คงเหลือ2567_1.pdf,190; 885; 967; 1060; 1101; 1584
ศูนย์ต้นทุน,1700600020,สำนักงานประกันสังคมเขตพื้นที่ 5,1000,ส่วนกลาง,1565,935,28468999.3,-23274942.94,5194056.36,ผูกกับพื้นที่เดียวในเอกสาร,DOC-AST-2567,2. สินทรัพย์คงเหลือ2567_1.pdf,219; 885; 967; 1060; 1101; 1111
ศูนย์ต้นทุน,1700600021,สำนักงานประกันสังคมเขตพื้นที่ 6,1000,ส่วนกลาง,449,354,18111072.17,-15516448.57,2594623.6,ผูกกับพื้นที่เดียวในเอกสาร,DOC-AST-2567,2. สินทรัพย์คงเหลือ2567_1.pdf,225; 885; 968; 1061; 1101; 1590
ศูนย์ต้นทุน,1700600022,สำนักงานประกันสังคมเขตพื้นที่ 7,1000,ส่วนกลาง,759,560,27056603.31,-19444282.29,7612321.02,ผูกกับพื้นที่เดียวในเอกสาร,DOC-AST-2567,2. สินทรัพย์คงเหลือ2567_1.pdf,235; 885; 970; 1061; 1111; 1594
ศูนย์ต้นทุน,1700600023,สำนักงานประกันสังคมเขตพื้นที่ 8,1000,ส่วนกลาง,584,530,23424278.21,-19602285.34,3821992.87,ผูกกับพื้นที่เดียวในเอกสาร,DOC-AST-2567,2. สินทรัพย์คงเหลือ2567_1.pdf,242; 885; 970; 1061; 1101; 1600
ศูนย์ต้นทุน,1700600024,สำนักงานประกันสังคมเขตพื้นที่ 9,1000,ส่วนกลาง,436,341,18466347.48,-13628895.5,4837451.98,ผูกกับพื้นที่เดียวในเอกสาร,DOC-AST-2567,2. สินทรัพย์คงเหลือ2567_1.pdf,248; 886; 971; 1062; 1603; 1826
ศูนย์ต้นทุน,1700600025,สำนักงานประกันสังคมเขตพื้นที่ 10,1000,ส่วนกลาง,353,260,13525277.0,-10088592.55,3436684.45,ผูกกับพื้นที่เดียวในเอกสาร,DOC-AST-2567,2. สินทรัพย์คงเหลือ2567_1.pdf,252; 886; 971; 1062; 1111; 1605
ศูนย์ต้นทุน,1700600026,ศูนย์ฟื้นฟูสมรรถภาพคนงาน (ศฟง.) ปทุมธานี,1000,ส่วนกลาง,657,488,56168211.07,-45929516.08,10238694.99,ผูกกับพื้นที่เดียวในเอกสาร,DOC-AST-2567,2. สินทรัพย์คงเหลือ2567_1.pdf,256; 886; 972; 1062; 1097; 1103
ศูนย์ต้นทุน,1700600027,ศูนย์ฟื้นฟูสมรรถภาพคนงาน (ศฟง.) ระยอง,1000,ส่วนกลาง,1075,953,57137658.13,-46238521.69,10899136.44,ผูกกับพื้นที่เดียวในเอกสาร,DOC-AST-2567,2. สินทรัพย์คงเหลือ2567_1.pdf,267; 887; 975; 1063; 1097; 1106
ศูนย์ต้นทุน,1700600028,ศูนย์ฟื้นฟูสมรรถภาพคนงาน (ศฟง.) ขอนแก่น,1000,ส่วนกลาง,3001,1943,59918221.21,-52084845.96,7833375.25,ผูกกับพื้นที่เดียวในเอกสาร,DOC-AST-2567,2. สินทรัพย์คงเหลือ2567_1.pdf,303; 887; 984; 1065; 1097; 1106
ศูนย์ต้นทุน,1700600029,ศูนย์ฟื้นฟูสมรรถภาพคนงาน (ศฟง.) เชียงใหม,1000,ส่วนกลาง,1104,918,53599476.14,-44640065.36,8959410.78,ผูกกับพื้นที่เดียวในเอกสาร,DOC-AST-2567,2. สินทรัพย์คงเหลือ2567_1.pdf,314; 887; 986; 1065; 1098; 1108
ศูนย์ต้นทุน,1700600030,ศูนย์ฟื้นฟูสมรรถภาพคนงาน (ศฟง.) สงขลา,1000,ส่วนกลาง,3374,1964,81138176.75,-73521360.9,7616815.85,ผูกกับพื้นที่เดียวในเอกสาร,DOC-AST-2567,2. สินทรัพย์คงเหลือ2567_1.pdf,366; 888; 987; 1066; 1098; 1110
ศูนย์ต้นทุน,1700600031,กลุ่มตรวจสอบภายใน,1000,ส่วนกลาง,107,58,772371.4,-602141.39,170230.01,ผูกกับพื้นที่เดียวในเอกสาร,DOC-AST-2567,2. สินทรัพย์คงเหลือ2567_1.pdf,369; 988; 1614; 1850
ศูนย์ต้นทุน,1700600032,กลุ่มพัฒนาระบบบริหาร,1000,ส่วนกลาง,21,14,244374.9,-127844.0,116530.9,ผูกกับพื้นที่เดียวในเอกสาร,DOC-AST-2567,2. สินทรัพย์คงเหลือ2567_1.pdf,369; 988; 1066; 1614; 1850
ศูนย์ต้นทุน,1700600033,กองคลัง,1000,ส่วนกลาง,427,293,4835527.41,-4101947.35,733580.06,ผูกกับพื้นที่เดียวในเอกสาร,DOC-AST-2567,2. สินทรัพย์คงเหลือ2567_1.pdf,376; 989; 1066; 1615; 1851
ศูนย์ต้นทุน,1700600034,สำนักงานประกันสังคมจังหวัด สมุทรปราการ,1100,สมุทรปราการ,1439,1099,55545331.11,-44299274.01,11246057.1,ผูกกับพื้นที่เดียวในเอกสาร,DOC-AST-2567,2. สินทรัพย์คงเหลือ2567_1.pdf,401; 889; 992; 1068; 1132; 1631
ศูนย์ต้นทุน,1700600035,สำนักงานประกันสังคมจังหวัด นนทบุรี,1200,นนทบุรี,734,499,22605961.8,-18887060.83,3718900.97,ผูกกับพื้นที่เดียวในเอกสาร,DOC-AST-2567,2. สินทรัพย์คงเหลือ2567_1.pdf,410; 889; 994; 1069; 1636; 1853
ศูนย์ต้นทุน,1700600036,สำนักงานประกันสังคมจังหวัด ปทุมธานี,1300,ปทุมธานี,626,512,25177156.87,-21284297.64,3892859.23,ผูกกับพื้นที่เดียวในเอกสาร,DOC-AST-2567,2. สินทรัพย์คงเหลือ2567_1.pdf,418; 890; 995; 1070; 1132; 1641
ศูนย์ต้นทุน,1700600037,สำนักงานประกันสังคมจังหวัด พระนครศรีอยุธ,1400,พระนครศรีอยุธยา,720,504,27362188.97,-18011946.84,9350242.13,ผูกกับพื้นที่เดียวในเอกสาร,DOC-AST-2567,2. สินทรัพย์คงเหลือ2567_1.pdf,428; 890; 995; 1070; 1645; 1855
ศูนย์ต้นทุน,1700600038,สำนักงานประกันสังคมจังหวัด อ่างทอง,1500,อ่างทอง,349,202,7982460.68,-5288054.65,2694406.03,ผูกกับพื้นที่เดียวในเอกสาร,DOC-AST-2567,2. สินทรัพย์คงเหลือ2567_1.pdf,434; 890; 995; 1070; 1646; 1855
ศูนย์ต้นทุน,1700600039,สำนักงานประกันสังคมจังหวัด ลพบุรี,1600,ลพบุรี,351,229,15429120.27,-11974342.52,3454777.75,ผูกกับพื้นที่เดียวในเอกสาร,DOC-AST-2567,2. สินทรัพย์คงเหลือ2567_1.pdf,439; 891; 996; 1071; 1132; 1648
ศูนย์ต้นทุน,1700600040,สำนักงานประกันสังคมจังหวัด สิงห์บุรี,1700,สิงห์บุรี,157,104,7972884.41,-6227687.11,1745197.3,ผูกกับพื้นที่เดียวในเอกสาร,DOC-AST-2567,2. สินทรัพย์คงเหลือ2567_1.pdf,441; 891; 996; 1649; 1856
ศูนย์ต้นทุน,1700600041,สำนักงานประกันสังคมจังหวัด ชัยนาท,1800,ชัยนาท,199,129,7719978.24,-4784324.22,2935654.02,ผูกกับพื้นที่เดียวในเอกสาร,DOC-AST-2567,2. สินทรัพย์คงเหลือ2567_1.pdf,444; 891; 997; 1071; 1098; 1650
ศูนย์ต้นทุน,1700600042,สำนักงานประกันสังคมจังหวัด สระบุรี,1900,สระบุรี,385,273,15715732.5,-12762520.18,2953212.32,ผูกกับพื้นที่เดียวในเอกสาร,DOC-AST-2567,2. สินทรัพย์คงเหลือ2567_1.pdf,448; 891; 997; 1071; 1653; 1856
ศูนย์ต้นทุน,1700600043,สำนักงานประกันสังคมจังหวัด ชลบุรี,2000,ชลบุรี,760,553,26779055.05,-20494456.2,6284598.85,ผูกกับพื้นที่เดียวในเอกสาร,DOC-AST-2567,2. สินทรัพย์คงเหลือ2567_1.pdf,458; 892; 998; 1072; 1098; 1659
ศูนย์ต้นทุน,1700600044,สำนักงานประกันสังคมจังหวัด ระยอง,2100,ระยอง,1140,791,31370190.65,-22053331.76,9316858.89,ผูกกับพื้นที่เดียวในเอกสาร,DOC-AST-2567,2. สินทรัพย์คงเหลือ2567_1.pdf,478; 892; 998; 1073; 1098; 1662
ศูนย์ต้นทุน,1700600045,สำนักงานประกันสังคมจังหวัด จันทบุรี,2200,จันทบุรี,172,128,9966959.33,-8199865.88,1767093.45,ผูกกับพื้นที่เดียวในเอกสาร,DOC-AST-2567,2. สินทรัพย์คงเหลือ2567_1.pdf,480; 892; 999; 1073; 1664; 1858
ศูนย์ต้นทุน,1700600046,สำนักงานประกันสังคมจังหวัด ตราด,2300,ตราด,142,113,8699781.0,-6163008.55,2536772.45,ผูกกับพื้นที่เดียวในเอกสาร,DOC-AST-2567,2. สินทรัพย์คงเหลือ2567_1.pdf,481; 893; 999; 1074; 1665; 1858
ศูนย์ต้นทุน,1700600047,สำนักงานประกันสังคมจังหวัด ฉะเชิงเทรา,2400,ฉะเชิงเทรา,945,578,28396411.95,-23272678.34,5123733.61,ผูกกับพื้นที่เดียวในเอกสาร,DOC-AST-2567,2. สินทรัพย์คงเหลือ2567_1.pdf,497; 893; 999; 1074; 1669; 1859
ศูนย์ต้นทุน,1700600048,สำนักงานประกันสังคมจังหวัด ปราจีนบุรี,2500,ปราจีนบุรี,583,372,18819690.44,-15716956.94,3102733.5,ผูกกับพื้นที่เดียวในเอกสาร,DOC-AST-2567,2. สินทรัพย์คงเหลือ2567_1.pdf,507; 894; 1000; 1075; 1671; 1859
ศูนย์ต้นทุน,1700600049,สำนักงานประกันสังคมจังหวัด นครนายก,2600,นครนายก,214,148,8312709.49,-6138009.28,2174700.21,ผูกกับพื้นที่เดียวในเอกสาร,DOC-AST-2567,2. สินทรัพย์คงเหลือ2567_1.pdf,510; 894; 1000; 1075; 1132; 1672
ศูนย์ต้นทุน,1700600050,สำนักงานประกันสังคมจังหวัด สระแก้ว,2700,สระแก้ว,198,153,10236083.9,-7492043.61,2744040.29,ผูกกับพื้นที่เดียวในเอกสาร,DOC-AST-2567,2. สินทรัพย์คงเหลือ2567_1.pdf,512; 894; 1000; 1075; 1673; 1859
ศูนย์ต้นทุน,1700600051,สำนักงานประกันสังคมจังหวัด นครราชสีมา,3000,นครราชสีมา,873,571,25623555.63,-18760613.27,6862942.36,ผูกกับพื้นที่เดียวในเอกสาร,DOC-AST-2567,2. สินทรัพย์คงเหลือ2567_1.pdf,526; 895; 1001; 1076; 1099; 1678
ศูนย์ต้นทุน,1700600052,สำนักงานประกันสังคมจังหวัด บุรีรัมย์,3100,บุรีรัมย์,391,249,13478233.0,-9720464.21,3757768.79,ผูกกับพื้นที่เดียวในเอกสาร,DOC-AST-2567,2. สินทรัพย์คงเหลือ2567_1.pdf,532; 895; 1077; 1132; 1679; 1860
ศูนย์ต้นทุน,1700600053,สำนักงานประกันสังคมจังหวัด สุรินทร์,3200,สุรินทร์,347,247,11239338.29,-9628739.99,1610598.3,ผูกกับพื้นที่เดียวในเอกสาร,DOC-AST-2567,2. สินทรัพย์คงเหลือ2567_1.pdf,537; 895; 1001; 1077; 1099; 1681
ศูนย์ต้นทุน,1700600054,สำนักงานประกันสังคมจังหวัด ศรีษะเกษ,3300,ศรีสะเกษ,180,145,7447591.38,-5427841.76,2019749.62,ผูกกับพื้นที่เดียวในเอกสาร,DOC-AST-2567,2. สินทรัพย์คงเหลือ2567_1.pdf,539; 895; 1001; 1077; 1682; 1862
ศูนย์ต้นทุน,1700600055,สำนักงานประกันสังคมจังหวัด อุบลราชธานี,3400,อุบลราชธานี,449,381,19338468.14,-16713917.85,2624550.29,ผูกกับพื้นที่เดียวในเอกสาร,DOC-AST-2567,2. สินทรัพย์คงเหลือ2567_1.pdf,544; 896; 1002; 1078; 1099; 1686
ศูนย์ต้นทุน,1700600056,สำนักงานประกันสังคมจังหวัด ยโสธร,3500,ยโสธร,188,145,8625995.8,-6809998.58,1815997.22,ผูกกับพื้นที่เดียวในเอกสาร,DOC-AST-2567,2. สินทรัพย์คงเหลือ2567_1.pdf,546; 896; 1002; 1078; 1687; 1863
ศูนย์ต้นทุน,1700600057,สำนักงานประกันสังคมจังหวัด ชัยภูมิ,3600,ชัยภูมิ,260,209,11232543.05,-9052685.09,2179857.96,ผูกกับพื้นที่เดียวในเอกสาร,DOC-AST-2567,2. สินทรัพย์คงเหลือ2567_1.pdf,549; 896; 1003; 1078; 1690; 1863
ศูนย์ต้นทุน,1700600058,สำนักงานประกันสังคมจังหวัด อำนาจเจริญ,3700,อำนาจเจริญ,248,157,8261347.22,-5314741.44,2946605.78,ผูกกับพื้นที่เดียวในเอกสาร,DOC-AST-2567,2. สินทรัพย์คงเหลือ2567_1.pdf,552; 896; 1003; 1078; 1691; 1864
ศูนย์ต้นทุน,1700600059,สำนักงานประกันสังคมจังหวัด หนองบัวลำภู,3900,หนองบัวลำภู,87,64,7731313.55,-5253823.7,2477489.85,ผูกกับพื้นที่เดียวในเอกสาร,DOC-AST-2567,2. สินทรัพย์คงเหลือ2567_1.pdf,559; 897; 1004; 1079; 1133; 1693
ศูนย์ต้นทุน,1700600060,สำนักงานประกันสังคมจังหวัด ขอนแก่น,4000,ขอนแก่น,655,405,20656863.3,-15871877.93,4784985.37,ผูกกับพื้นที่เดียวในเอกสาร,DOC-AST-2567,2. สินทรัพย์คงเหลือ2567_1.pdf,569; 897; 1006; 1079; 1696; 1865
ศูนย์ต้นทุน,1700600061,สำนักงานประกันสังคมจังหวัด อุดรธานี,4100,อุดรธานี,483,314,22230863.73,-16438542.88,5792320.85,ผูกกับพื้นที่เดียวในเอกสาร,DOC-AST-2567,2. สินทรัพย์คงเหลือ2567_1.pdf,574; 898; 1006; 1080; 1699; 1866
ศูนย์ต้นทุน,1700600062,สำนักงานประกันสังคมจังหวัด เลย,4200,เลย,215,169,11326697.64,-9344710.79,1981986.85,ผูกกับพื้นที่เดียวในเอกสาร,DOC-AST-2567,2. สินทรัพย์คงเหลือ2567_1.pdf,577; 898; 1007; 1080; 1701; 1866
ศูนย์ต้นทุน,1700600063,สำนักงานประกันสังคมจังหวัด หนองคาย,4300,หนองคาย,452,306,11726061.24,-10350537.69,1375523.55,ผูกกับพื้นที่เดียวในเอกสาร,DOC-AST-2567,2. สินทรัพย์คงเหลือ2567_1.pdf,584; 898; 1007; 1080; 1703; 1866
ศูนย์ต้นทุน,1700600064,สำนักงานประกันสังคมจังหวัด มหาสารคาม,4400,มหาสารคาม,249,155,8400469.99,-5591483.75,2808986.24,ผูกกับพื้นที่เดียวในเอกสาร,DOC-AST-2567,2. สินทรัพย์คงเหลือ2567_1.pdf,588; 898; 1007; 1080; 1704; 1866
ศูนย์ต้นทุน,1700600065,สำนักงานประกันสังคมจังหวัด ร้อยเอ็ด,4500,ร้อยเอ็ด,483,308,15115938.87,-13103150.41,2012788.46,ผูกกับพื้นที่เดียวในเอกสาร,DOC-AST-2567,2. สินทรัพย์คงเหลือ2567_1.pdf,595; 899; 1008; 1081; 1706; 1867
ศูนย์ต้นทุน,1700600066,สำนักงานประกันสังคมจังหวัด กาฬสินธุ์,4600,กาฬสินธุ์,381,243,9130656.78,-6914071.08,2216585.7,ผูกกับพื้นที่เดียวในเอกสาร,DOC-AST-2567,2. สินทรัพย์คงเหลือ2567_1.pdf,601; 899; 1008; 1081; 1111; 1708
ศูนย์ต้นทุน,1700600067,สำนักงานประกันสังคมจังหวัด สกลนคร,4700,สกลนคร,377,268,12908261.47,-9195671.28,3712590.19,ผูกกับพื้นที่เดียวในเอกสาร,DOC-AST-2567,2. สินทรัพย์คงเหลือ2567_1.pdf,607; 899; 1009; 1082; 1099; 1111
ศูนย์ต้นทุน,1700600068,สำนักงานประกันสังคมจังหวัด นครพนม,4800,นครพนม,277,203,9779435.7,-7419728.24,2359707.46,ผูกกับพื้นที่เดียวในเอกสาร,DOC-AST-2567,2. สินทรัพย์คงเหลือ2567_1.pdf,611; 899; 1009; 1082; 1710; 1868
ศูนย์ต้นทุน,1700600069,สำนักงานประกันสังคมจังหวัด มุกดาหาร,4900,มุกดาหาร,196,137,8471302.67,-5943537.23,2527765.44,ผูกกับพื้นที่เดียวในเอกสาร,DOC-AST-2567,2. สินทรัพย์คงเหลือ2567_1.pdf,613; 900; 1010; 1082; 1712; 1869
ศูนย์ต้นทุน,1700600070,สำนักงานประกันสังคมจังหวัด เชียงใหม่,5000,เชียงใหม่,1207,700,55917615.97,-40225199.41,15692416.56,ผูกกับพื้นที่เดียวในเอกสาร,DOC-AST-2567,2. สินทรัพย์คงเหลือ2567_1.pdf,626; 900; 1016; 1083; 1716; 1872
ศูนย์ต้นทุน,1700600071,สำนักงานประกันสังคมจังหวัด ลำพูน,5100,ลำพูน,424,260,12165447.45,-9618171.19,2547276.26,ผูกกับพื้นที่เดียวในเอกสาร,DOC-AST-2567,2. สินทรัพย์คงเหลือ2567_1.pdf,632; 901; 1016; 1083; 1718; 1872
ศูนย์ต้นทุน,1700600072,สำนักงานประกันสังคมจังหวัด ลำปาง,5200,ลำปาง,391,263,13495526.0,-10010074.83,3485451.17,ผูกกับพื้นที่เดียวในเอกสาร,DOC-AST-2567,2. สินทรัพย์คงเหลือ2567_1.pdf,637; 901; 1017; 1083; 1721; 1872
ศูนย์ต้นทุน,1700600073,สำนักงานประกันสังคมจังหวัด อุตรดิตถ์,5300,อุตรดิตถ์,243,183,9530916.26,-7550260.51,1980655.75,ผูกกับพื้นที่เดียวในเอกสาร,DOC-AST-2567,2. สินทรัพย์คงเหลือ2567_1.pdf,640; 901; 1017; 1084; 1099; 1722
ศูนย์ต้นทุน,1700600074,สำนักงานประกันสังคมจังหวัด แพร่,5400,แพร่,515,349,13629012.74,-10800506.47,2828506.27,ผูกกับพื้นที่เดียวในเอกสาร,DOC-AST-2567,2. สินทรัพย์คงเหลือ2567_1.pdf,648; 901; 1018; 1084; 1724; 1874
ศูนย์ต้นทุน,1700600075,สำนักงานประกันสังคมจังหวัด น่าน,5500,น่าน,486,352,16553226.8,-15036316.49,1516910.31,ผูกกับพื้นที่เดียวในเอกสาร,DOC-AST-2567,2. สินทรัพย์คงเหลือ2567_1.pdf,656; 902; 1018; 1084; 1726; 1874
ศูนย์ต้นทุน,1700600076,สำนักงานประกันสังคมจังหวัด พะเยา,5600,พะเยา,334,234,10567127.34,-8566248.76,2000878.58,ผูกกับพื้นที่เดียวในเอกสาร,DOC-AST-2567,2. สินทรัพย์คงเหลือ2567_1.pdf,661; 902; 1019; 1085; 1728; 1874
ศูนย์ต้นทุน,1700600077,สำนักงานประกันสังคมจังหวัด เชียงราย,5700,เชียงราย,296,263,14865697.25,-12079233.24,2786464.01,ผูกกับพื้นที่เดียวในเอกสาร,DOC-AST-2567,2. สินทรัพย์คงเหลือ2567_1.pdf,664; 902; 1019; 1085; 1731; 1874
ศูนย์ต้นทุน,1700600078,สำนักงานประกันสังคมจังหวัด แม่ฮ่องสอน,5800,แม่ฮ่องสอน,177,127,8554833.95,-6200760.69,2354073.26,ผูกกับพื้นที่เดียวในเอกสาร,DOC-AST-2567,2. สินทรัพย์คงเหลือ2567_1.pdf,666; 903; 1020; 1085; 1732; 1875
ศูนย์ต้นทุน,1700600079,สำนักงานประกันสังคมจังหวัด นครสวรรค์,6000,นครสวรรค์,405,288,13849104.23,-10936440.16,2912664.07,ผูกกับพื้นที่เดียวในเอกสาร,DOC-AST-2567,2. สินทรัพย์คงเหลือ2567_1.pdf,671; 903; 1020; 1086; 1734; 1877
ศูนย์ต้นทุน,1700600080,สำนักงานประกันสังคมจังหวัด อุทัยธานี,6100,อุทัยธานี,228,155,8791313.0,-7770135.28,1021177.72,ผูกกับพื้นที่เดียวในเอกสาร,DOC-AST-2567,2. สินทรัพย์คงเหลือ2567_1.pdf,674; 903; 1020; 1086; 1736; 1877
ศูนย์ต้นทุน,1700600081,สำนักงานประกันสังคมจังหวัด กำแพงเพชร,6200,กำแพงเพชร,222,177,10122742.25,-8305617.77,1817124.48,ผูกกับพื้นที่เดียวในเอกสาร,DOC-AST-2567,2. สินทรัพย์คงเหลือ2567_1.pdf,676; 903; 1021; 1086; 1738; 1877
ศูนย์ต้นทุน,1700600082,สำนักงานประกันสังคมจังหวัด ตาก,6300,ตาก,450,291,15027823.85,-12074393.64,2953430.21,ผูกกับพื้นที่เดียวในเอกสาร,DOC-AST-2567,2. สินทรัพย์คงเหลือ2567_1.pdf,682; 904; 1021; 1087; 1099; 1740
ศูนย์ต้นทุน,1700600083,สำนักงานประกันสังคมจังหวัด สุโขทัย,6400,สุโขทัย,226,181,8940842.71,-6943922.78,1996919.93,ผูกกับพื้นที่เดียวในเอกสาร,DOC-AST-2567,2. สินทรัพย์คงเหลือ2567_1.pdf,685; 904; 1021; 1087; 1099; 1741
ศูนย์ต้นทุน,1700600084,สำนักงานประกันสังคมจังหวัด พิษณุโลก,6500,พิษณุโลก,416,292,14871301.0,-12096110.26,2775190.74,ผูกกับพื้นที่เดียวในเอกสาร,DOC-AST-2567,2. สินทรัพย์คงเหลือ2567_1.pdf,692; 904; 1022; 1087; 1743; 1879
ศูนย์ต้นทุน,1700600085,สำนักงานประกันสังคมจังหวัด พิจิตร,6600,พิจิตร,254,213,9753119.49,-7968640.81,1784478.68,ผูกกับพื้นที่เดียวในเอกสาร,DOC-AST-2567,2. สินทรัพย์คงเหลือ2567_1.pdf,695; 904; 1022; 1087; 1099; 1745
ศูนย์ต้นทุน,1700600086,สำนักงานประกันสังคมจังหวัด เพชรบูรณ์,6700,เพชรบูรณ์,489,330,15687967.7,-12816657.78,2871309.92,ผูกกับพื้นที่เดียวในเอกสาร,DOC-AST-2567,2. สินทรัพย์คงเหลือ2567_1.pdf,701; 905; 1023; 1088; 1748; 1880
ศูนย์ต้นทุน,1700600087,สำนักงานประกันสังคมจังหวัด ราชบุรี,7000,ราชบุรี,333,244,17964786.7,-15047603.89,2917182.81,ผูกกับพื้นที่เดียวในเอกสาร,DOC-AST-2567,2. สินทรัพย์คงเหลือ2567_1.pdf,706; 905; 1023; 1088; 1750; 1880
ศูนย์ต้นทุน,1700600088,สำนักงานประกันสังคมจังหวัด กาญจนบุรี,7100,กาญจนบุรี,315,199,10503209.05,-8857963.94,1645245.11,ผูกกับพื้นที่เดียวในเอกสาร,DOC-AST-2567,2. สินทรัพย์คงเหลือ2567_1.pdf,710; 905; 1023; 1089; 1752; 1881
ศูนย์ต้นทุน,1700600089,สำนักงานประกันสังคมจังหวัด สุพรรณบุรี,7200,สุพรรณบุรี,212,151,9799675.25,-8231710.92,1567964.33,ผูกกับพื้นที่เดียวในเอกสาร,DOC-AST-2567,2. สินทรัพย์คงเหลือ2567_1.pdf,712; 906; 1024; 1089; 1753; 1881
ศูนย์ต้นทุน,1700600090,สำนักงานประกันสังคมจังหวัด นครปฐม,7300,นครปฐม,789,575,22685530.29,-20132130.07,2553400.22,ผูกกับพื้นที่เดียวในเอกสาร,DOC-AST-2567,2. สินทรัพย์คงเหลือ2567_1.pdf,724; 906; 1025; 1089; 1758; 1881
ศูนย์ต้นทุน,1700600091,สำนักงานประกันสังคมจังหวัด สมุทรสาคร,7400,สมุทรสาคร,3361,1886,42936482.52,-37867950.77,5068531.75,ผูกกับพื้นที่เดียวในเอกสาร,DOC-AST-2567,2. สินทรัพย์คงเหลือ2567_1.pdf,791; 906; 1026; 1090; 1099; 1764
ศูนย์ต้นทุน,1700600092,สำนักงานประกันสังคมจังหวัด สมุทรสงคราม,7500,สมุทรสงคราม,178,144,7300494.15,-5358893.15,1941601.0,ผูกกับพื้นที่เดียวในเอกสาร,DOC-AST-2567,2. สินทรัพย์คงเหลือ2567_1.pdf,793; 907; 1026; 1090; 1133; 1765
ศูนย์ต้นทุน,1700600093,สำนักงานประกันสังคมจังหวัด เพชรบุรี,7600,เพชรบุรี,389,271,10556055.49,-7917279.4,2638776.09,ผูกกับพื้นที่เดียวในเอกสาร,DOC-AST-2567,2. สินทรัพย์คงเหลือ2567_1.pdf,797; 907; 1027; 1090; 1767; 1885
ศูนย์ต้นทุน,1700600094,สำนักงานประกันสังคมจังหวัด ประจวบคีรีขัน,7700,ประจวบคีรีขันธ์,451,337,18019353.91,-15260387.77,2758966.14,ผูกกับพื้นที่เดียวในเอกสาร,DOC-AST-2567,2. สินทรัพย์คงเหลือ2567_1.pdf,803; 907; 1028; 1091; 1770; 1886
ศูนย์ต้นทุน,1700600095,สำนักงานประกันสังคมจังหวัด นครศรีธรรมราช,8000,นครศรีธรรมราช,1152,738,21773972.39,-17462668.9,4311303.49,ผูกกับพื้นที่เดียวในเอกสาร,DOC-AST-2567,2. สินทรัพย์คงเหลือ2567_1.pdf,820; 908; 1031; 1091; 1775; 1886
ศูนย์ต้นทุน,1700600096,สำนักงานประกันสังคมจังหวัด กระบี่,8100,กระบี่,241,171,10321726.45,-7725459.34,2596267.11,ผูกกับพื้นที่เดียวในเอกสาร,DOC-AST-2567,2. สินทรัพย์คงเหลือ2567_1.pdf,823; 908; 1031; 1091; 1776; 1887
ศูนย์ต้นทุน,1700600097,สำนักงานประกันสังคมจังหวัด พังงา,8200,พังงา,302,194,8771860.89,-6509997.34,2261863.55,ผูกกับพื้นที่เดียวในเอกสาร,DOC-AST-2567,2. สินทรัพย์คงเหลือ2567_1.pdf,827; 908; 1032; 1092; 1777; 1887
ศูนย์ต้นทุน,1700600098,สำนักงานประกันสังคมจังหวัด ภูเก็ต,8300,ภูเก็ต,551,383,17550938.74,-11559651.17,5991287.57,ผูกกับพื้นที่เดียวในเอกสาร,DOC-AST-2567,2. สินทรัพย์คงเหลือ2567_1.pdf,836; 908; 1032; 1092; 1780; 1888
ศูนย์ต้นทุน,1700600099,สำนักงานประกันสังคมจังหวัด สุราษฏร์ธานี,8400,สุราษฎร์ธานี,360,245,14032722.04,-8700847.39,5331874.65,ผูกกับพื้นที่เดียวในเอกสาร,DOC-AST-2567,2. สินทรัพย์คงเหลือ2567_1.pdf,841; 909; 1032; 1093; 1100; 1782
ศูนย์ต้นทุน,1700600100,สำนักงานประกันสังคมจังหวัด ระนอง,8500,ระนอง,253,177,9414711.5,-7800207.39,1614504.11,ผูกกับพื้นที่เดียวในเอกสาร,DOC-AST-2567,2. สินทรัพย์คงเหลือ2567_1.pdf,844; 909; 1033; 1093; 1111; 1783
ศูนย์ต้นทุน,1700600101,สำนักงานประกันสังคมจังหวัด ชุมพร,8600,ชุมพร,243,191,8891693.05,-6726027.47,2165665.58,ผูกกับพื้นที่เดียวในเอกสาร,DOC-AST-2567,2. สินทรัพย์คงเหลือ2567_1.pdf,848; 909; 1033; 1093; 1785; 1889
ศูนย์ต้นทุน,1700600102,สำนักงานประกันสังคมจังหวัด สงขลา,9000,สงขลา,842,606,33542483.14,-27986577.18,5555905.96,ผูกกับพื้นที่เดียวในเอกสาร,DOC-AST-2567,2. สินทรัพย์คงเหลือ2567_1.pdf,860; 910; 1034; 1094; 1100; 1133
ศูนย์ต้นทุน,1700600103,สำนักงานประกันสังคมจังหวัด สตูล,9100,สตูล,222,147,10346854.97,-9431500.01,915354.96,ผูกกับพื้นที่เดียวในเอกสาร,DOC-AST-2567,2. สินทรัพย์คงเหลือ2567_1.pdf,863; 910; 1034; 1094; 1789; 1891
ศูนย์ต้นทุน,1700600104,สำนักงานประกันสังคมจังหวัด ตรัง,9200,ตรัง,198,148,10195840.25,-8579197.1,1616643.15,ผูกกับพื้นที่เดียวในเอกสาร,DOC-AST-2567,2. สินทรัพย์คงเหลือ2567_1.pdf,865; 910; 1034; 1095; 1791; 1891
ศูนย์ต้นทุน,1700600105,สำนักงานประกันสังคมจังหวัด พัทลุง,9300,พัทลุง,236,151,8001322.75,-6907373.38,1093949.37,ผูกกับพื้นที่เดียวในเอกสาร,DOC-AST-2567,2. สินทรัพย์คงเหลือ2567_1.pdf,869; 910; 1034; 1095; 1792; 1891
ศูนย์ต้นทุน,1700600106,สำนักงานประกันสังคมจังหวัด ปัตตานี,9400,ปัตตานี,184,144,11988389.25,-9400594.81,2587794.44,ผูกกับพื้นที่เดียวในเอกสาร,DOC-AST-2567,2. สินทรัพย์คงเหลือ2567_1.pdf,871; 911; 1035; 1095; 1100; 1794
ศูนย์ต้นทุน,1700600107,สำนักงานประกันสังคมจังหวัด ยะลา,9500,ยะลา,234,180,12394358.55,-8482887.24,3911471.31,ผูกกับพื้นที่เดียวในเอกสาร,DOC-AST-2567,2. สินทรัพย์คงเหลือ2567_1.pdf,874; 911; 1035; 1096; 1795; 1892
ศูนย์ต้นทุน,1700600108,สำนักงานประกันสังคมจังหวัด นราธิวาส,9600,นราธิวาส,172,128,11641065.75,-9935424.44,1705641.31,ผูกกับพื้นที่เดียวในเอกสาร,DOC-AST-2567,2. สินทรัพย์คงเหลือ2567_1.pdf,875; 911; 1035; 1096; 1797; 1892
ศูนย์ต้นทุน,1700600109,กองวิจัยและสถิติ,1000,ส่วนกลาง,234,215,5560567.24,-5343907.84,216659.4,ผูกกับพื้นที่เดียวในเอกสาร,DOC-AST-2567,2. สินทรัพย์คงเหลือ2567_1.pdf,379; 989; 1067; 1616; 1804; 1851
ศูนย์ต้นทุน,1700600111,สำนักงานประกันสังคมเขตพื้นที่ 11,1000,ส่วนกลาง,301,233,12402983.31,-9114555.29,3288428.02,ผูกกับพื้นที่เดียวในเอกสาร,DOC-AST-2567,2. สินทรัพย์คงเหลือ2567_1.pdf,382; 888; 989; 1067; 1132; 1618
ศูนย์ต้นทุน,1700600112,สำนักงานประกันสังคมเขตพื้นที่ 12,1000,ส่วนกลาง,295,244,11538993.7,-7461171.33,4077822.37,ผูกกับพื้นที่เดียวในเอกสาร,DOC-AST-2567,2. สินทรัพย์คงเหลือ2567_1.pdf,385; 888; 989; 1067; 1621; 1851
ศูนย์ต้นทุน,1700600113,สำนักงานประกันสังคมจังหวัดบึงกาฬ,3800,บึงกาฬ,384,321,10810872.34,-6698140.15,4112732.19,ผูกกับพื้นที่เดียวในเอกสาร,DOC-AST-2567,2. สินทรัพย์คงเหลือ2567_1.pdf,559; 897; 1004; 1078; 1692; 1864
